id,node_id,seq,temperature,humidity,rssi,snr,uptime_s,checksum_ok,received_at
5003,1,355,26,81.3,-94,4,5340,t,2026-09-05 15:45:06.186287+00
5004,2,868,30.5,67,-58,9.75,13035,t,2026-09-05 15:45:14.15248+00
5005,1,356,25.9,81.4,-93,4.5,5355,t,2026-09-05 15:45:21.185836+00
5006,2,869,30,67,-58,9.75,13050,t,2026-09-05 15:45:29.152473+00
5007,1,357,26,81.3,-94,3.75,5370,t,2026-09-05 15:45:36.188214+00
5008,2,870,30.6,67,-58,9.75,13065,t,2026-09-05 15:45:44.152212+00
5009,1,358,26,81.3,-93,4.25,5385,t,2026-09-05 15:45:51.18493+00
5010,2,871,30.6,67,-58,9.75,13080,t,2026-09-05 15:45:59.206758+00
5011,1,359,26,81.3,-94,3.75,5400,t,2026-09-05 15:46:06.187761+00
5012,2,872,30.5,67,-58,9.5,13095,t,2026-09-05 15:46:14.151459+00
5013,1,360,25.9,81.4,-94,3.75,5415,t,2026-09-05 15:46:21.186454+00
5014,2,873,30.7,67,-57,9.75,13110,t,2026-09-05 15:46:29.246008+00
5015,1,361,25.9,81.4,-94,4.25,5430,t,2026-09-05 15:46:36.183567+00
5016,2,874,30.9,67,-58,9.25,13125,t,2026-09-05 15:46:44.150509+00
5017,1,362,25.9,81.4,-94,3.5,5445,t,2026-09-05 15:46:51.186919+00
5018,2,875,30.2,67,-58,9.5,13140,t,2026-09-05 15:46:59.151525+00
5019,1,363,25.9,81.4,-94,4,5460,t,2026-09-05 15:47:06.187451+00
5020,1,364,25.9,81.4,-94,4.5,5475,t,2026-09-05 15:47:21.185173+00
5021,2,877,30.2,67,-54,9.75,13170,t,2026-09-05 15:47:29.407082+00
5022,1,365,25.9,81.4,-94,4.25,5490,t,2026-09-05 15:47:36.281317+00
5023,2,878,30.2,67,-63,9.5,13185,t,2026-09-05 15:47:44.405875+00
5024,1,366,25.9,81.4,-94,3.75,5505,t,2026-09-05 15:47:51.184437+00
5025,2,879,30.3,67,-62,9.75,13200,t,2026-09-05 15:47:59.362382+00
5026,1,367,25.9,81.4,-93,4.75,5520,t,2026-09-05 15:48:06.256035+00
5027,2,880,30.2,67,-59,9.25,13215,t,2026-09-05 15:48:14.195907+00
5028,1,368,26,81.3,-93,4.5,5535,t,2026-09-05 15:48:21.292679+00
5029,2,881,30.2,68,-63,9.25,13230,t,2026-09-05 15:48:29.177423+00
5030,1,369,26,81.3,-94,4,5550,t,2026-09-05 15:48:36.443645+00
5031,2,882,30.6,68,-64,9.5,13245,t,2026-09-05 15:48:44.145982+00
5032,1,370,26,81.3,-94,4.5,5565,t,2026-09-05 15:48:51.181918+00
5033,2,883,30.1,68,-62,9.5,13260,t,2026-09-05 15:48:59.145023+00
5034,1,371,26,81.3,-93,4.5,5580,t,2026-09-05 15:49:06.180312+00
5035,2,884,30.1,68,-64,9.5,13275,t,2026-09-05 15:49:14.206753+00
5036,1,372,26,81.3,-95,9.5,5595,t,2026-09-05 15:49:21.214738+00
5037,2,885,30.1,68,-62,9.25,13290,t,2026-09-05 15:49:29.143772+00
5038,1,373,26,81.3,-94,4.75,5610,t,2026-09-05 15:49:36.180346+00
5039,2,886,30,68,-62,9.25,13305,t,2026-09-05 15:49:44.146324+00
5040,1,374,26,81.3,-93,5,5625,t,2026-09-05 15:49:51.347163+00
5041,2,887,30.1,68,-63,9.5,13320,t,2026-09-05 15:49:59.355008+00
5042,1,375,26,81.3,-93,5,5640,t,2026-09-05 15:50:06.179673+00
5043,2,888,30.4,68,-62,10.25,13335,t,2026-09-05 15:50:14.143347+00
5044,1,376,26,81.3,-93,5.25,5655,t,2026-09-05 15:50:21.181971+00
5045,2,889,31.6,67,-62,9.25,13350,t,2026-09-05 15:50:29.140573+00
5046,1,377,26,81.2,-92,5,5670,t,2026-09-05 15:50:36.43077+00
5047,2,890,31.8,67,-64,9.5,13365,t,2026-09-05 15:50:44.144424+00
5048,1,378,26,81.3,-92,5,5685,t,2026-09-05 15:50:51.481846+00
5049,2,891,31.1,67,-63,9.5,13380,t,2026-09-05 15:50:59.140579+00
5050,1,379,26,81.3,-93,4.75,5700,t,2026-09-05 15:51:06.17911+00
5051,1,380,26,81.3,-93,5.25,5715,t,2026-09-05 15:51:21.178932+00
5052,2,893,31.9,67,-63,9.75,13410,t,2026-09-05 15:51:29.14076+00
5053,1,381,25.9,81.4,-92,5,5730,t,2026-09-05 15:51:36.181131+00
5054,2,894,31,67,-64,9.25,13425,t,2026-09-05 15:51:44.309435+00
5055,1,382,25.9,81.4,-93,5.25,5745,t,2026-09-05 15:51:51.175911+00
5056,2,895,31.1,67,-63,9.25,13440,t,2026-09-05 15:51:59.139248+00
5057,1,383,25.9,81.4,-93,5.25,5760,t,2026-09-05 15:52:06.178354+00
5058,2,896,31.7,67,-67,9,13455,t,2026-09-05 15:52:14.139028+00
5059,1,384,25.9,81.4,-92,5,5775,t,2026-09-05 15:52:21.378126+00
5060,2,897,31.9,67,-65,9,13470,t,2026-09-05 15:52:29.141175+00
5061,1,385,25.9,81.4,-93,5,5790,t,2026-09-05 15:52:36.17732+00
5062,2,898,31.1,67,-66,9.25,13485,t,2026-09-05 15:52:44.139046+00
5063,1,386,25.9,81.4,-93,5,5805,t,2026-09-05 15:52:51.177501+00
5064,2,899,31.8,67,-64,9,13500,t,2026-09-05 15:52:59.278977+00
5065,1,387,25.9,81.4,-93,5,5820,t,2026-09-05 15:53:06.176938+00
5066,2,900,31.4,67,-62,9.5,13515,t,2026-09-05 15:53:14.137631+00
5067,1,388,25.9,81.4,-93,5.25,5835,t,2026-09-05 15:53:21.176652+00
5068,2,901,31,67,-59,9.25,13530,t,2026-09-05 15:53:29.627881+00
5069,1,389,25.9,81.4,-94,5,5850,t,2026-09-05 15:53:36.174781+00
5070,2,902,31.2,67,-68,8.75,13545,t,2026-09-05 15:53:44.135764+00
5071,1,390,25.9,81.4,-93,5.25,5865,t,2026-09-05 15:53:51.237347+00
5072,2,903,31,67,-65,9.75,13560,t,2026-09-05 15:53:59.133566+00
5073,1,391,25.9,81.4,-94,4.25,5880,t,2026-09-05 15:54:06.347123+00
5074,2,904,31.8,67,-63,9.5,13575,t,2026-09-05 15:54:23.84977+00
5075,1,392,26,81.3,-94,4.25,5895,t,2026-09-05 15:54:24.44556+00
5076,2,905,31.7,67,-62,10,13590,t,2026-09-05 15:54:29.133987+00
5077,1,393,26,81.3,-93,5,5910,t,2026-09-05 15:54:36.175872+00
5078,2,906,31.3,67,-62,11.25,13605,t,2026-09-05 15:54:44.382165+00
5079,1,394,26,81.3,-94,4.75,5925,t,2026-09-05 15:54:51.391588+00
5080,2,907,31,67,-63,9.5,13620,t,2026-09-05 15:54:59.134406+00
5081,1,395,26,81.3,-93,5,5940,t,2026-09-05 15:55:06.472689+00
5082,2,908,31.4,67,-64,9.25,13635,t,2026-09-05 15:55:14.132445+00
5083,1,396,25.9,81.3,-94,4.25,5955,t,2026-09-05 15:55:21.173496+00
5084,2,909,31.4,67,-65,9,13650,t,2026-09-05 15:55:29.130667+00
5085,1,397,26,81.3,-94,4.5,5970,t,2026-09-05 15:55:36.372248+00
5086,1,398,26,81.2,-95,3.5,5985,t,2026-09-05 15:55:51.172613+00
5087,2,911,31.9,67,-60,9.75,13680,t,2026-09-05 15:55:59.13115+00
5088,2,912,31.3,67,-58,9.5,13695,t,2026-09-05 15:56:14.131957+00
5089,1,400,25.9,81.4,-96,2.5,6015,t,2026-09-05 15:56:21.173417+00
5090,2,913,31.8,67,-64,9.75,13710,t,2026-09-05 15:56:29.130876+00
5091,1,401,25.9,81.3,-93,5,6030,t,2026-09-05 15:56:36.404073+00
5092,2,914,31.7,67,-64,10,13725,t,2026-09-05 15:56:44.291777+00
5093,1,402,26,81.2,-93,5.25,6045,t,2026-09-05 15:56:51.16986+00
5094,2,915,31.2,67,-63,9.5,13740,t,2026-09-05 15:56:59.130468+00
5095,1,403,26,81.2,-94,4.5,6060,t,2026-09-05 15:57:06.168596+00
5096,2,916,31.8,67,-70,9,13755,t,2026-09-05 15:57:14.345748+00
5097,1,404,26,81.2,-94,4.5,6075,t,2026-09-05 15:57:21.169953+00
5098,2,917,31.9,67,-71,9,13770,t,2026-09-05 15:57:29.325039+00
5099,1,405,26,81.2,-94,4.5,6090,t,2026-09-05 15:57:36.167682+00
5100,2,918,31,67,-62,10.25,13785,t,2026-09-05 15:57:44.306021+00
5101,1,406,26,81.2,-94,4.5,6105,t,2026-09-05 15:57:51.169159+00
5102,2,919,31,67,-62,10.25,13800,t,2026-09-05 15:57:59.127173+00
5103,1,407,25.9,81.2,-95,4.25,6120,t,2026-09-05 15:58:06.167457+00
5104,2,920,31.1,67,-63,9.75,13815,t,2026-09-05 15:58:14.125926+00
5105,2,921,31.5,67,-64,9.75,13830,t,2026-09-05 15:58:29.127101+00
5106,1,409,26,81.2,-93,5.25,6150,t,2026-09-05 15:58:36.451658+00
5107,2,922,31.7,67,-63,10,13845,t,2026-09-05 15:58:44.129995+00
5108,2,923,31.8,67,-62,9.75,13860,t,2026-09-05 15:58:59.206701+00
5109,1,411,25.9,81.2,-93,5.25,6180,t,2026-09-05 15:59:06.275778+00
5110,2,924,31.2,67,-62,9,13875,t,2026-09-05 15:59:14.125682+00
5111,1,412,25.9,81.2,-93,5,6195,t,2026-09-05 15:59:21.198964+00
5112,2,925,31.8,67,-63,9.25,13890,t,2026-09-05 15:59:29.210944+00
5113,1,413,26,81.1,-94,4.5,6210,t,2026-09-05 15:59:36.197649+00
5114,2,926,31.9,67,-65,10.25,13905,t,2026-09-05 15:59:44.125686+00
5115,1,414,26,81.1,-95,4.5,6225,t,2026-09-05 15:59:51.421139+00
5116,2,927,31.5,67,-62,9.5,13920,t,2026-09-05 15:59:59.306123+00
5117,1,415,26,81.1,-94,4.25,6240,t,2026-09-05 16:00:06.197881+00
5118,2,928,31.1,66,-62,9.75,13935,t,2026-09-05 16:00:14.122506+00
5119,1,416,26,81.1,-94,4.5,6255,t,2026-09-05 16:00:21.194953+00
5120,2,929,31.3,66,-66,8.75,13950,t,2026-09-05 16:00:29.124079+00
5121,1,417,26,81.1,-95,4.25,6270,t,2026-09-05 16:00:36.593055+00
5122,2,930,30,67,-66,9,13965,t,2026-09-05 16:00:44.129992+00
5123,1,418,25.9,81.2,-93,4.5,6285,t,2026-09-05 16:00:51.447069+00
5124,2,931,30,67,-65,9,13980,t,2026-09-05 16:00:59.219985+00
5125,1,419,26,81.1,-94,4.25,6300,t,2026-09-05 16:01:06.19669+00
5126,2,932,30.9,67,-64,9.75,13995,t,2026-09-05 16:01:14.182025+00
5127,1,420,26,81.1,-95,4.25,6315,t,2026-09-05 16:01:21.195624+00
5128,2,933,30.1,67,-65,9.25,14010,t,2026-09-05 16:01:29.144377+00
5129,1,421,26,81.2,-94,4,6330,t,2026-09-05 16:01:36.194005+00
5130,2,934,30.9,67,-65,9.5,14025,t,2026-09-05 16:01:44.164857+00
5131,1,422,25.9,81.2,-94,4,6345,t,2026-09-05 16:01:51.19545+00
5132,2,935,30.9,67,-65,9.5,14040,t,2026-09-05 16:01:59.120961+00
5133,1,423,25.9,81.2,-95,4,6360,t,2026-09-05 16:02:06.738836+00
5134,2,936,30.9,67,-62,9.5,14055,t,2026-09-05 16:02:14.118985+00
5135,1,424,25.9,81.2,-95,3.5,6375,t,2026-09-05 16:02:21.242736+00
5136,2,937,30.4,67,-61,9.75,14070,t,2026-09-05 16:02:29.116682+00
5137,1,425,26,81.2,-94,4.25,6390,t,2026-09-05 16:02:36.196585+00
5138,2,938,30.6,67,-60,9.75,14085,t,2026-09-05 16:02:44.119796+00
5139,1,426,26,81.1,-94,4.5,6405,t,2026-09-05 16:02:51.19211+00
5140,2,939,30.8,67,-61,9.75,14100,t,2026-09-05 16:02:59.117397+00
5141,1,427,25.9,81.2,-94,4,6420,t,2026-09-05 16:03:06.19443+00
5142,2,940,30.3,67,-65,9,14115,t,2026-09-05 16:03:14.119083+00
5143,1,428,26,81.1,-94,4,6435,t,2026-09-05 16:03:21.19472+00
5144,2,941,30.5,67,-61,9.5,14130,t,2026-09-05 16:03:29.11805+00
5145,2,942,30,67,-61,9.25,14145,t,2026-09-05 16:03:44.115564+00
5146,1,430,25.9,81.3,-95,4.25,6465,t,2026-09-05 16:03:51.193811+00
5147,2,943,30,67,-61,9.25,14160,t,2026-09-05 16:03:59.117462+00
5148,1,431,26,81.1,-94,4.5,6480,t,2026-09-05 16:04:06.237529+00
5149,2,944,30.7,67,-61,9.5,14175,t,2026-09-05 16:04:14.229928+00
5150,1,432,26,81.2,-97,9.5,6495,t,2026-09-05 16:04:21.219643+00
5151,2,945,30.2,67,-58,10,14190,t,2026-09-05 16:04:29.114043+00
5152,1,433,26,81.1,-94,4.25,6510,t,2026-09-05 16:04:36.354871+00
5153,2,946,31.3,67,-58,10,14205,t,2026-09-05 16:04:44.116033+00
5154,1,434,26,81.1,-94,4.5,6525,t,2026-09-05 16:04:51.238424+00
5155,2,947,31.4,67,-59,9.5,14220,t,2026-09-05 16:04:59.176857+00
5156,1,435,25.9,81.2,-94,4.25,6540,t,2026-09-05 16:05:06.191506+00
5157,2,948,31,67,-59,9,14235,t,2026-09-05 16:05:14.113175+00
5158,1,436,26,81.2,-94,4.5,6555,t,2026-09-05 16:05:21.407173+00
5159,2,949,31.7,67,-58,9.75,14250,t,2026-09-05 16:05:29.234745+00
5160,1,437,26,81.2,-94,4.5,6570,t,2026-09-05 16:05:36.192249+00
5161,2,950,31.9,67,-59,9.5,14265,t,2026-09-05 16:05:44.276727+00
5162,1,438,26,81.2,-94,4.5,6585,t,2026-09-05 16:05:51.189795+00
5163,2,951,31.2,67,-58,9.75,14280,t,2026-09-05 16:05:59.146903+00
5164,1,439,26,81.2,-94,4.5,6600,t,2026-09-05 16:06:06.302596+00
5165,2,952,31.5,67,-59,9.5,14295,t,2026-09-05 16:06:14.112618+00
5166,1,440,26,81.2,-94,4.75,6615,t,2026-09-05 16:06:21.440821+00
5167,2,953,31.7,67,-58,9.5,14310,t,2026-09-05 16:06:29.111634+00
5168,1,441,26,81.2,-94,4.5,6630,t,2026-09-05 16:06:36.403953+00
5169,2,954,31.3,67,-58,10.25,14325,t,2026-09-05 16:06:44.112224+00
5170,1,442,25.9,81.2,-94,4.5,6645,t,2026-09-05 16:06:51.189934+00
5171,2,955,31.3,67,-59,9.25,14340,t,2026-09-05 16:06:59.15821+00
5172,1,443,26,81.2,-94,4.25,6660,t,2026-09-05 16:07:06.189246+00
5173,2,956,31.9,67,-59,9,14355,t,2026-09-05 16:07:14.108943+00
5174,1,444,26,81.2,-94,4.5,6675,t,2026-09-05 16:07:21.189972+00
5175,2,957,30.8,68,-59,9.25,14370,t,2026-09-05 16:07:29.255646+00
5176,1,445,25.9,81.3,-94,4.75,6690,t,2026-09-05 16:07:36.189381+00
5177,1,446,25.9,81.3,-94,4.5,6705,t,2026-09-05 16:07:51.189286+00
5178,2,959,30,68,-58,10,14400,t,2026-09-05 16:07:59.207719+00
5179,1,447,26,81.2,-94,4,6720,t,2026-09-05 16:08:06.393996+00
5180,2,960,30.2,68,-59,9.75,14415,t,2026-09-05 16:08:14.108227+00
5181,1,448,25.9,81.3,-94,4.5,6735,t,2026-09-05 16:08:21.232982+00
5182,1,449,25.9,81.4,-93,5.5,6750,t,2026-09-05 16:08:36.326777+00
5183,1,450,25.9,81.4,-94,4.5,6765,t,2026-09-05 16:08:51.344777+00
5184,2,963,30.3,68,-58,9.75,14460,t,2026-09-05 16:08:59.239461+00
5185,1,451,25.9,81.4,-94,4.5,6780,t,2026-09-05 16:09:06.232408+00
5186,2,964,30.3,68,-59,9.75,14475,t,2026-09-05 16:09:14.162221+00
5187,1,452,25.9,81.4,-94,4.75,6795,t,2026-09-05 16:09:21.258924+00
5188,2,965,30.2,68,-58,9.75,14490,t,2026-09-05 16:09:29.104388+00
5189,1,453,26,81.3,-94,4.5,6810,t,2026-09-05 16:09:36.33041+00
5190,2,966,30.3,67,-58,9.75,14505,t,2026-09-05 16:09:44.104927+00
5191,1,454,26,81.3,-94,4.25,6825,t,2026-09-05 16:09:51.186711+00
5192,2,967,30.4,68,-58,9,14520,t,2026-09-05 16:09:59.320156+00
5193,2,968,30.8,67,-59,9.5,14535,t,2026-09-05 16:10:14.315409+00
5194,1,456,26,81.3,-94,4.5,6855,t,2026-09-05 16:10:21.374713+00
5195,2,969,30.8,68,-58,9.5,14550,t,2026-09-05 16:10:29.109965+00
5196,1,457,25.9,81.4,-95,4.5,6870,t,2026-09-05 16:10:36.2091+00
5197,2,970,30.9,68,-58,9.5,14565,t,2026-09-05 16:10:44.256033+00
5198,1,458,25.9,81.4,-94,4.75,6885,t,2026-09-05 16:10:51.364319+00
5199,2,971,30.2,68,-59,9.75,14580,t,2026-09-05 16:10:59.286153+00
5200,1,459,25.9,81.4,-94,4.5,6900,t,2026-09-05 16:11:06.182444+00
5201,2,972,30.2,68,-58,9.5,14595,t,2026-09-05 16:11:14.339696+00
5202,1,460,25.9,81.4,-95,3,6915,t,2026-09-05 16:11:21.186331+00
5203,2,973,30.2,68,-58,9.5,14610,t,2026-09-05 16:11:29.10072+00
5204,1,461,25.9,81.4,-94,4.5,6930,t,2026-09-05 16:11:36.357173+00
5205,2,974,30.6,68,-59,9.5,14625,t,2026-09-05 16:11:44.101693+00
5206,1,462,25.9,81.4,-94,4.75,6945,t,2026-09-05 16:11:51.318912+00
5207,2,975,30.8,68,-62,9,14640,t,2026-09-05 16:11:59.254202+00
5208,1,463,25.9,81.4,-94,4.5,6960,t,2026-09-05 16:12:06.181711+00
5209,2,976,30.1,68,-61,9.25,14655,t,2026-09-05 16:12:14.100263+00
5210,1,464,25.9,81.4,-94,4.75,6975,t,2026-09-05 16:12:21.404265+00
5211,2,977,30.3,68,-61,9.25,14670,t,2026-09-05 16:12:29.100625+00
5212,1,465,25.9,81.4,-94,4.75,6990,t,2026-09-05 16:12:36.297136+00
5213,2,978,30.4,68,-61,9.25,14685,t,2026-09-05 16:12:44.314399+00
5214,1,466,25.9,81.4,-95,4,7005,t,2026-09-05 16:12:51.181174+00
5215,2,979,30,67,-61,9.25,14700,t,2026-09-05 16:12:59.259798+00
5216,1,467,25.9,81.4,-94,4.5,7020,t,2026-09-05 16:13:06.181639+00
5217,2,980,30.4,67,-60,9.25,14715,t,2026-09-05 16:13:14.098762+00
5218,1,468,25.9,81.4,-94,4.25,7035,t,2026-09-05 16:13:21.213799+00
5219,2,981,30.6,67,-60,9.5,14730,t,2026-09-05 16:13:29.097563+00
5220,1,469,26,81.3,-94,4.25,7050,t,2026-09-05 16:13:36.278438+00
5221,2,982,30.7,67,-61,9.75,14745,t,2026-09-05 16:13:44.191911+00
5222,1,470,26,81.3,-94,4.75,7065,t,2026-09-05 16:13:51.269873+00
5223,2,983,30.2,67,-60,9.25,14760,t,2026-09-05 16:13:59.096299+00
5224,1,471,25.9,81.4,-94,4.5,7080,t,2026-09-05 16:14:06.179457+00
5225,2,984,30.9,67,-61,9.25,14775,t,2026-09-05 16:14:14.096156+00
5226,1,472,25.9,81.4,-94,4.5,7095,t,2026-09-05 16:14:21.177585+00
5227,1,473,26,81.3,-94,4.5,7110,t,2026-09-05 16:14:36.17886+00
5228,2,986,30.9,67,-60,9.5,14805,t,2026-09-05 16:14:44.275991+00
5229,1,474,25.9,81.4,-94,4.5,7125,t,2026-09-05 16:14:51.178296+00
5230,2,987,30.1,67,-60,9.5,14820,t,2026-09-05 16:14:59.156813+00
5231,1,475,26,81.3,-94,4,7140,t,2026-09-05 16:15:06.17874+00
5232,2,988,30.2,67,-60,9.5,14835,t,2026-09-05 16:15:14.095489+00
5233,1,476,25.9,81.4,-93,4.5,7155,t,2026-09-05 16:15:21.178234+00
5234,2,989,30.9,67,-60,9.75,14850,t,2026-09-05 16:15:29.204763+00
5235,1,477,25.9,81.3,-94,4.5,7170,t,2026-09-05 16:15:36.175697+00
5236,2,990,31.7,67,-62,9.75,14865,t,2026-09-05 16:15:44.095334+00
5237,1,478,25.9,81.3,-94,5,7185,t,2026-09-05 16:15:51.387248+00
5238,2,991,31.2,67,-62,9.5,14880,t,2026-09-05 16:15:59.094147+00
5239,1,479,25.9,81.3,-94,4.25,7200,t,2026-09-05 16:16:06.175869+00
5240,2,992,31.4,67,-63,9.5,14895,t,2026-09-05 16:16:14.092502+00
5241,1,480,25.9,81.3,-94,4.5,7215,t,2026-09-05 16:16:21.176971+00
5242,2,993,31.1,67,-61,9.5,14910,t,2026-09-05 16:16:29.091802+00
5243,1,481,25.9,81.3,-95,4.25,7230,t,2026-09-05 16:16:36.176168+00
5244,2,994,31,66,-56,10,14925,t,2026-09-05 16:16:44.093327+00
5245,1,482,25.9,81.3,-96,2.75,7245,t,2026-09-05 16:16:51.311105+00
5246,2,995,31,66,-55,10,14940,t,2026-09-05 16:16:59.091276+00
5247,1,483,25.9,81.3,-93,5.25,7260,t,2026-09-05 16:17:06.175466+00
5248,2,996,31.2,66,-58,9.5,14955,t,2026-09-05 16:17:14.091851+00
5249,1,484,25.9,81.3,-94,4,7275,t,2026-09-05 16:17:21.176138+00
5250,2,997,31,66,-59,9.25,14970,t,2026-09-05 16:17:29.246658+00
5251,1,485,25.9,81.3,-94,4.5,7290,t,2026-09-05 16:17:36.176145+00
5252,2,998,31.8,66,-59,9.5,14985,t,2026-09-05 16:17:44.284439+00
5253,1,486,25.9,81.3,-94,4.25,7305,t,2026-09-05 16:17:51.175705+00
5254,2,999,31.6,66,-59,10,15000,t,2026-09-05 16:17:59.299405+00
5255,1,487,25.9,81.2,-94,4,7320,t,2026-09-05 16:18:06.313678+00
5256,2,1000,31.4,66,-59,9.25,15015,t,2026-09-05 16:18:14.088387+00
5257,1,488,25.9,81.2,-94,4.25,7335,t,2026-09-05 16:18:21.384825+00
5258,2,1001,31.1,66,-59,9.75,15030,t,2026-09-05 16:18:29.089547+00
5259,1,489,25.9,81.2,-94,4.5,7350,t,2026-09-05 16:18:36.173189+00
5260,2,1002,31.3,66,-59,11.75,15045,t,2026-09-05 16:18:44.24788+00
5261,1,490,25.9,81.2,-94,4.25,7365,t,2026-09-05 16:18:51.171685+00
5262,2,1003,31.4,66,-59,9.25,15060,t,2026-09-05 16:18:59.173849+00
5263,1,491,26,81.1,-94,4,7380,t,2026-09-05 16:19:06.172681+00
5264,2,1004,31.9,66,-59,8.75,15075,t,2026-09-05 16:19:14.086574+00
5265,1,492,25.9,81.2,-94,4.25,7395,t,2026-09-05 16:19:21.184657+00
5266,2,1005,31.2,66,-59,9,15090,t,2026-09-05 16:19:29.314528+00
5267,1,493,25.9,81.2,-93,4.5,7410,t,2026-09-05 16:19:36.171357+00
5268,2,1006,31.2,66,-58,9.5,15105,t,2026-09-05 16:19:44.17984+00
5269,1,494,25.9,81.2,-94,4.5,7425,t,2026-09-05 16:19:51.302327+00
5270,2,1007,31.2,66,-59,9.75,15120,t,2026-09-05 16:19:59.087625+00
5271,1,495,25.9,81.2,-94,4.5,7440,t,2026-09-05 16:20:06.171515+00
5272,2,1008,31.2,66,-59,9.5,15135,t,2026-09-05 16:20:14.086211+00
5273,1,496,25.9,81.1,-94,4.5,7455,t,2026-09-05 16:20:21.170974+00
5274,1,497,25.9,81.2,-95,4.25,7470,t,2026-09-05 16:20:36.169422+00
5275,2,1010,31.7,66,-59,9.25,15165,t,2026-09-05 16:20:44.263982+00
5276,1,498,25.9,81.2,-94,4.25,7485,t,2026-09-05 16:20:51.347639+00
5277,2,1011,31.8,66,-59,9.5,15180,t,2026-09-05 16:20:59.08487+00
5278,1,499,25.9,81.3,-94,4.25,7500,t,2026-09-05 16:21:06.169653+00
5279,2,1012,31.6,66,-59,9.25,15195,t,2026-09-05 16:21:14.083081+00
5280,1,500,25.9,81.2,-94,4.5,7515,t,2026-09-05 16:21:21.362364+00
5281,2,1013,31.4,66,-59,9.75,15210,t,2026-09-05 16:21:29.084118+00
5282,1,501,25.9,81.2,-94,4.5,7530,t,2026-09-05 16:21:36.170655+00
5283,2,1014,31.2,66,-59,9.25,15225,t,2026-09-05 16:21:44.300319+00
5284,1,502,25.9,81.1,-95,3.75,7545,t,2026-09-05 16:21:51.166916+00
5285,2,1015,31,66,-58,9,15240,t,2026-09-05 16:21:59.082759+00
5286,1,503,25.9,81.2,-94,4.25,7560,t,2026-09-05 16:22:06.166901+00
5287,2,1016,31.9,66,-59,9.75,15255,t,2026-09-05 16:22:14.082595+00
5288,2,1017,31.1,66,-58,9.5,15270,t,2026-09-05 16:22:29.080691+00
5289,1,505,26,81.1,-94,4,7590,t,2026-09-05 16:22:36.410167+00
5290,2,1018,31.3,66,-58,9.5,15285,t,2026-09-05 16:22:44.083416+00
5291,1,506,25.9,81.2,-94,4.25,7605,t,2026-09-05 16:22:51.257413+00
5292,2,1019,31.3,66,-59,9,15300,t,2026-09-05 16:22:59.080551+00
5293,1,507,25.9,81.2,-94,4,7620,t,2026-09-05 16:23:06.165804+00
5294,2,1020,31.8,66,-58,9.5,15315,t,2026-09-05 16:23:14.079922+00
5295,1,508,25.9,81.2,-94,4,7635,t,2026-09-05 16:23:21.165601+00
5296,2,1021,31.7,66,-59,9.25,15330,t,2026-09-05 16:23:29.144332+00
5297,1,509,25.9,81.2,-94,4.5,7650,t,2026-09-05 16:23:36.337169+00
5298,2,1022,31.9,66,-59,9.25,15345,t,2026-09-05 16:23:44.079924+00
5299,1,510,25.9,81.2,-95,3.75,7665,t,2026-09-05 16:23:51.165474+00
5300,2,1023,31.2,66,-59,9.25,15360,t,2026-09-05 16:23:59.077458+00
5301,1,511,25.9,81.2,-94,4,7680,t,2026-09-05 16:24:06.164797+00
5302,2,1024,31.1,66,-59,9.5,15375,t,2026-09-05 16:24:14.079212+00
5303,1,512,25.9,81.2,-94,3.75,7695,t,2026-09-05 16:24:21.331186+00
5304,2,1025,31.3,66,-59,9.5,15390,t,2026-09-05 16:24:29.353189+00
5305,1,513,25.9,81.2,-94,4,7710,t,2026-09-05 16:24:36.166101+00
5306,2,1026,31.3,66,-58,9.75,15405,t,2026-09-05 16:24:44.076486+00
5307,1,514,25.9,81.2,-94,4.5,7725,t,2026-09-05 16:24:51.387006+00
5308,2,1027,31.4,66,-59,9.25,15420,t,2026-09-05 16:24:59.077339+00
5309,1,515,25.9,81.2,-94,4.25,7740,t,2026-09-05 16:25:06.282761+00
5310,2,1028,31.5,66,-59,9,15435,t,2026-09-05 16:25:14.077195+00
5311,1,516,25.9,81.2,-94,4.25,7755,t,2026-09-05 16:25:21.164105+00
5312,2,1029,31,66,-58,9.5,15450,t,2026-09-05 16:25:29.074063+00
5313,1,517,25.9,81.2,-94,4,7770,t,2026-09-05 16:25:36.163796+00
5314,2,1030,31.2,66,-59,9.25,15465,t,2026-09-05 16:25:44.076647+00
5315,1,518,25.9,81.2,-93,4.25,7785,t,2026-09-05 16:25:51.162486+00
5316,2,1031,31.3,66,-59,9.5,15480,t,2026-09-05 16:25:59.074142+00
5317,1,519,25.9,81.2,-94,4,7800,t,2026-09-05 16:26:06.162231+00
5318,2,1032,31.1,66,-59,9.75,15495,t,2026-09-05 16:26:14.074905+00
5319,1,520,25.9,81.2,-94,4.25,7815,t,2026-09-05 16:26:21.161123+00
5320,2,1033,31.1,66,-59,9.5,15510,t,2026-09-05 16:26:29.073923+00
5321,1,521,25.9,81.2,-94,4.5,7830,t,2026-09-05 16:26:36.161286+00
5322,2,1034,31,66,-59,9.5,15525,t,2026-09-05 16:26:44.170643+00
5323,2,1035,31.1,66,-59,8.75,15540,t,2026-09-05 16:26:59.070704+00
5324,1,523,25.9,81.2,-94,4,7860,t,2026-09-05 16:27:06.161008+00
5325,2,1036,31.1,66,-59,9,15555,t,2026-09-05 16:27:14.072622+00
5326,1,524,25.9,81.3,-94,4.25,7875,t,2026-09-05 16:27:21.390179+00
5327,2,1037,31,66,-59,9.25,15570,t,2026-09-05 16:27:29.070441+00
5328,1,525,25.9,81.2,-94,4.25,7890,t,2026-09-05 16:27:36.33296+00
5329,2,1038,31.3,66,-60,9.25,15585,t,2026-09-05 16:27:44.072733+00
5330,1,526,25.9,81.2,-94,4.25,7905,t,2026-09-05 16:27:51.354888+00
5331,2,1039,31.1,66,-59,9,15600,t,2026-09-05 16:27:59.070921+00
5332,1,527,25.9,81.2,-94,4.25,7920,t,2026-09-05 16:28:06.160365+00
5333,2,1040,31.1,66,-58,9,15615,t,2026-09-05 16:28:14.070141+00
5334,1,528,25.9,81.4,-94,4,7935,t,2026-09-05 16:28:21.317145+00
5335,1,529,25.9,81.2,-94,4.5,7950,t,2026-09-05 16:28:36.166009+00
5336,2,1042,31.2,66,-59,9.5,15645,t,2026-09-05 16:28:44.133791+00
5337,1,530,26,81.1,-94,4,7965,t,2026-09-05 16:28:51.310933+00
5338,1,531,25.9,81.2,-94,4,7980,t,2026-09-05 16:29:06.157006+00
5339,2,1044,31.8,66,-59,9,15675,t,2026-09-05 16:29:14.069039+00
5340,1,532,25.9,81.2,-93,4,7995,t,2026-09-05 16:29:21.155851+00
5341,2,1045,31.4,66,-59,9.25,15690,t,2026-09-05 16:29:29.163059+00
5342,1,533,25.9,81.2,-94,4,8010,t,2026-09-05 16:29:36.281739+00
5343,2,1046,31.3,66,-59,9.75,15705,t,2026-09-05 16:29:44.066358+00
5344,1,534,25.9,81.4,-93,4,8025,t,2026-09-05 16:29:51.155926+00
5345,2,1047,31,66,-59,9.75,15720,t,2026-09-05 16:29:59.06739+00
5346,1,535,25.6,81.3,-93,4.25,8040,t,2026-09-05 16:30:06.156896+00
5347,2,1048,31.8,66,-59,9.5,15735,t,2026-09-05 16:30:14.065998+00
5348,1,536,25.9,81.2,-94,4.25,8055,t,2026-09-05 16:30:21.249554+00
5349,2,1049,31.7,66,-59,9.5,15750,t,2026-09-05 16:30:29.128123+00
5350,1,537,25.9,81.2,-94,4,8070,t,2026-09-05 16:30:36.430911+00
5351,2,1050,31.9,66,-59,9.25,15765,t,2026-09-05 16:30:44.066765+00
5352,1,538,25.9,81.2,-95,4,8085,t,2026-09-05 16:30:51.404682+00
5353,2,1051,31,66,-60,9,15780,t,2026-09-05 16:30:59.273672+00
5354,1,539,25.9,81.2,-93,4.5,8100,t,2026-09-05 16:31:06.154597+00
5355,2,1052,31.9,66,-58,9.5,15795,t,2026-09-05 16:31:14.066892+00
5356,1,540,25.9,81.2,-93,4.25,8115,t,2026-09-05 16:31:21.345513+00
5357,2,1053,31.1,66,-60,9,15810,t,2026-09-05 16:31:29.064343+00
5358,1,541,25.9,81.2,-94,4,8130,t,2026-09-05 16:31:36.153922+00
5359,2,1054,31.5,66,-59,9.25,15825,t,2026-09-05 16:31:44.167259+00
5360,1,542,25.9,81.4,-93,4,8145,t,2026-09-05 16:31:51.356103+00
5361,2,1055,31.7,66,-59,9.75,15840,t,2026-09-05 16:31:59.064288+00
5362,1,543,25.9,81.2,-94,4.25,8160,t,2026-09-05 16:32:06.153901+00
5363,2,1056,31.9,66,-59,9.5,15855,t,2026-09-05 16:32:14.279842+00
5364,1,544,25.9,81.2,-94,4.5,8175,t,2026-09-05 16:32:21.153925+00
5365,2,1057,31.2,66,-59,10,15870,t,2026-09-05 16:32:29.063175+00
5366,1,545,25.9,81.2,-94,1.5,8190,t,2026-09-05 16:32:36.2758+00
5367,2,1058,31,66,-59,10,15885,t,2026-09-05 16:32:44.062737+00
5368,1,546,25.9,81.2,-94,4,8205,t,2026-09-05 16:32:51.229083+00
5369,2,1059,31.3,66,-59,9.25,15900,t,2026-09-05 16:32:59.061753+00
5370,1,547,25.9,81.2,-94,4.25,8220,t,2026-09-05 16:33:06.151235+00
5371,2,1060,31.4,66,-59,9.5,15915,t,2026-09-05 16:33:14.061828+00
5372,1,548,25.9,81.2,-94,4,8235,t,2026-09-05 16:33:21.329841+00
5373,2,1061,31.3,66,-59,9,15930,t,2026-09-05 16:33:29.06201+00
5374,2,1062,31.7,66,-59,9.5,15945,t,2026-09-05 16:33:44.069191+00
5375,1,550,25.9,81.2,-94,4,8265,t,2026-09-05 16:33:51.149166+00
5376,2,1063,31,66,-59,9.25,15960,t,2026-09-05 16:33:59.070874+00
5377,1,551,25.9,81.2,-93,4.25,8280,t,2026-09-05 16:34:06.150915+00
5378,2,1064,31.4,66,-60,9.25,15975,t,2026-09-05 16:34:14.060298+00
5379,1,552,25.9,81.2,-95,4.25,8295,t,2026-09-05 16:34:21.205899+00
5380,2,1065,31.2,66,-59,9,15990,t,2026-09-05 16:34:29.058167+00
5381,1,553,25.9,81.2,-94,4,8310,t,2026-09-05 16:34:36.149+00
5382,2,1066,31.1,66,-59,9.5,16005,t,2026-09-05 16:34:44.15224+00
5383,1,554,25.9,81.1,-95,3.75,8325,t,2026-09-05 16:34:51.149849+00
5384,2,1067,31.6,66,-59,9.25,16020,t,2026-09-05 16:34:59.059183+00
5385,1,555,25.9,81.3,-94,4,8340,t,2026-09-05 16:35:06.148577+00
5386,2,1068,31.6,66,-59,9.25,16035,t,2026-09-05 16:35:14.057529+00
5387,1,556,25.9,81.3,-94,3.75,8355,t,2026-09-05 16:35:21.281986+00
5388,2,1069,31.5,66,-59,9.25,16050,t,2026-09-05 16:35:29.147917+00
5389,1,557,25.9,81.2,-94,4,8370,t,2026-09-05 16:35:36.148202+00
5390,2,1070,31.7,66,-59,9,16065,t,2026-09-05 16:35:44.196173+00
5391,1,558,25.9,81.2,-94,3.75,8385,t,2026-09-05 16:35:51.148895+00
5392,2,1071,31,66,-59,8.75,16080,t,2026-09-05 16:35:59.251958+00
5393,1,559,25.9,81.3,-94,4,8400,t,2026-09-05 16:36:06.147457+00
5394,2,1072,31.4,66,-59,10,16095,t,2026-09-05 16:36:14.231159+00
5395,1,560,25.9,81.2,-94,4,8415,t,2026-09-05 16:36:21.147491+00
5396,1,561,25.9,81.2,-94,3.75,8430,t,2026-09-05 16:36:36.146992+00
5397,2,1074,31.7,66,-60,9.25,16125,t,2026-09-05 16:36:44.135328+00
5398,1,562,25.9,81.2,-94,4.25,8445,t,2026-09-05 16:36:51.374468+00
5399,2,1075,31.1,66,-60,9.25,16140,t,2026-09-05 16:36:59.054306+00
5400,1,563,25.9,81.2,-94,4.25,8460,t,2026-09-05 16:37:06.144118+00
5401,2,1076,31.7,66,-61,9.75,16155,t,2026-09-05 16:37:14.270059+00
5402,1,564,25.9,81.2,-94,4.25,8475,t,2026-09-05 16:37:21.145649+00
5403,2,1077,31.8,66,-60,9,16170,t,2026-09-05 16:37:29.054526+00
5404,1,565,25.9,81.2,-94,4.75,8490,t,2026-09-05 16:37:36.180942+00
5405,2,1078,31.6,66,-60,9.5,16185,t,2026-09-05 16:37:44.053537+00
5406,1,566,26,81.1,-93,4.25,8505,t,2026-09-05 16:37:51.14334+00
5407,2,1079,31.7,66,-60,9.75,16200,t,2026-09-05 16:37:59.141393+00
5408,1,567,25.9,81.2,-93,4.25,8520,t,2026-09-05 16:38:06.17117+00
5409,2,1080,31.9,66,-60,9.5,16215,t,2026-09-05 16:38:14.052029+00
5410,1,568,25.9,81.2,-93,3.75,8535,t,2026-09-05 16:38:21.142453+00
5411,2,1081,31.1,66,-60,9.25,16230,t,2026-09-05 16:38:29.169105+00
5412,1,569,25.9,81.2,-94,4.75,8550,t,2026-09-05 16:38:36.146438+00
5413,2,1082,31.7,66,-58,10,16245,t,2026-09-05 16:38:44.051561+00
5414,1,570,25.9,81.2,-94,4.5,8565,t,2026-09-05 16:38:51.424284+00
5415,2,1083,31.9,66,-58,9.5,16260,t,2026-09-05 16:38:59.052757+00
5416,1,571,25.9,81.2,-93,5.25,8580,t,2026-09-05 16:39:06.141783+00
5417,2,1084,31.9,66,-59,9.5,16275,t,2026-09-05 16:39:14.049966+00
5418,1,572,25.9,81.2,-94,4.25,8595,t,2026-09-05 16:39:21.142378+00
5419,2,1085,31,67,-58,9.75,16290,t,2026-09-05 16:39:29.232675+00
5420,1,573,25.9,81.2,-93,4.5,8610,t,2026-09-05 16:39:36.141696+00
5421,2,1086,31.3,67,-57,9.25,16305,t,2026-09-05 16:39:44.191783+00
5422,2,1087,31.4,66,-58,9.5,16320,t,2026-09-05 16:39:59.118792+00
5423,1,575,25.9,81.2,-93,4.75,8640,t,2026-09-05 16:40:06.141999+00
5424,2,1088,31.6,67,-58,10,16335,t,2026-09-05 16:40:14.045876+00
5425,1,576,25.9,81.2,-95,4,8655,t,2026-09-05 16:40:21.141153+00
5426,2,1089,31.8,67,-59,9.5,16350,t,2026-09-05 16:40:29.047989+00
5427,1,577,25.9,81.2,-95,4.75,8670,t,2026-09-05 16:40:36.391422+00
5428,2,1090,31.5,67,-58,9.5,16365,t,2026-09-05 16:40:44.046758+00
5429,1,578,25.9,81.2,-94,5,8685,t,2026-09-05 16:40:51.361208+00
5430,2,1091,31.2,67,-59,9.5,16380,t,2026-09-05 16:40:59.047739+00
5431,1,579,25.9,81.2,-94,5.5,8700,t,2026-09-05 16:41:06.139695+00
5432,2,1092,31.1,67,-58,9.25,16395,t,2026-09-05 16:41:14.046578+00
5433,1,580,25.9,81.1,-95,3,8715,t,2026-09-05 16:41:21.367669+00
5434,2,1093,31.3,67,-59,9.25,16410,t,2026-09-05 16:41:29.045187+00
5435,1,581,25.9,81.2,-95,4,8730,t,2026-09-05 16:41:36.138747+00
5436,2,1094,31.2,67,-59,9,16425,t,2026-09-05 16:41:44.321905+00
5437,1,582,25.9,81.2,-94,4.5,8745,t,2026-09-05 16:41:51.139406+00
5438,2,1095,31.2,67,-59,9.25,16440,t,2026-09-05 16:41:59.047612+00
5439,1,583,25.9,81.2,-94,4,8760,t,2026-09-05 16:42:06.145086+00
5440,2,1096,31.2,67,-59,9.5,16455,t,2026-09-05 16:42:14.043514+00
5441,1,584,25.9,81.2,-94,4.5,8775,t,2026-09-05 16:42:21.137111+00
5442,2,1097,31.9,67,-59,8.75,16470,t,2026-09-05 16:42:29.044497+00
5443,1,585,25.9,81.2,-94,4.75,8790,t,2026-09-05 16:42:36.138935+00
5444,2,1098,31.6,67,-59,9.25,16485,t,2026-09-05 16:42:44.042678+00
5445,1,586,25.9,81.2,-94,4.5,8805,t,2026-09-05 16:42:51.137981+00
5446,2,1099,31.8,67,-59,8.75,16500,t,2026-09-05 16:42:59.041421+00
5447,1,587,26,81.1,-94,4.75,8820,t,2026-09-05 16:43:06.135382+00
5448,2,1100,31.3,67,-59,9.25,16515,t,2026-09-05 16:43:14.043542+00
5449,1,588,25.9,81.2,-95,4.75,8835,t,2026-09-05 16:43:21.282737+00
5450,2,1101,31.3,67,-59,9.25,16530,t,2026-09-05 16:43:29.041739+00
5451,1,589,25.9,81.2,-95,3.25,8850,t,2026-09-05 16:43:36.135494+00
5452,2,1102,31.1,67,-59,9.25,16545,t,2026-09-05 16:43:44.207797+00
5453,1,590,25.9,81.2,-95,3.75,8865,t,2026-09-05 16:43:51.270266+00
5454,2,1103,31.5,67,-57,9.5,16560,t,2026-09-05 16:43:59.041093+00
5455,1,591,25.9,81.2,-97,3,8880,t,2026-09-05 16:44:06.13523+00
5456,2,1104,30.1,67,-66,9.25,16575,t,2026-09-05 16:44:14.04129+00
5457,1,592,25.9,81.2,-96,1,8895,t,2026-09-05 16:44:21.133855+00
5458,2,1105,30.6,67,-70,8.75,16590,t,2026-09-05 16:44:29.118274+00
5459,1,593,25.9,81.2,-97,1,8910,t,2026-09-05 16:44:36.134671+00
5460,2,1106,30.5,67,-62,9.5,16605,t,2026-09-05 16:44:44.197554+00
5461,1,594,25.9,81.2,-97,1,8925,t,2026-09-05 16:44:51.133898+00
5462,2,1107,30,67,-63,9.25,16620,t,2026-09-05 16:44:59.180318+00
5463,1,595,25.9,81.2,-97,1,8940,t,2026-09-05 16:45:06.134312+00
5464,2,1108,30,67,-62,10,16635,t,2026-09-05 16:45:14.039184+00
5465,1,596,25.9,81.3,-97,1.25,8955,t,2026-09-05 16:45:21.316458+00
5466,2,1109,30.5,66,-62,9.5,16650,t,2026-09-05 16:45:29.040052+00
5467,2,1110,30.5,67,-65,9,16665,t,2026-09-05 16:45:44.036876+00
5468,1,598,25.9,81.2,-95,3,8985,t,2026-09-05 16:45:51.306232+00
5469,2,1111,30.8,67,-71,6.75,16680,t,2026-09-05 16:45:59.037186+00
5470,1,599,25.9,81.3,-95,2.75,9000,t,2026-09-05 16:46:06.131519+00
5471,2,1112,30.7,67,-71,7.25,16695,t,2026-09-05 16:46:14.036584+00
5472,1,600,25.9,81.2,-97,1.75,9015,t,2026-09-05 16:46:21.13088+00
5473,2,1113,30,67,-74,6.75,16710,t,2026-09-05 16:46:29.038255+00
5474,1,601,25.9,81.2,-96,2.25,9030,t,2026-09-05 16:46:36.360659+00
5475,2,1114,30.8,67,-68,8.5,16725,t,2026-09-05 16:46:44.035908+00
5476,1,602,25.9,81.2,-96,2.25,9045,t,2026-09-05 16:46:51.141216+00
5477,2,1115,30.7,67,-67,8.75,16740,t,2026-09-05 16:46:59.119018+00
5478,1,603,25.9,81.2,-96,2.5,9060,t,2026-09-05 16:47:06.131664+00
5479,2,1116,30.6,67,-68,8.75,16755,t,2026-09-05 16:47:14.03381+00
5480,1,604,25.9,81.2,-96,2.5,9075,t,2026-09-05 16:47:21.130363+00
5481,2,1117,30.9,67,-68,8.75,16770,t,2026-09-05 16:47:29.099877+00
5482,1,605,25.9,81.2,-96,2.25,9090,t,2026-09-05 16:47:36.129139+00
5483,2,1118,30.8,67,-67,8.75,16785,t,2026-09-05 16:47:44.032788+00
5484,1,606,25.9,81.2,-97,2,9105,t,2026-09-05 16:47:51.226718+00
5485,2,1119,30.5,67,-67,8.5,16800,t,2026-09-05 16:47:59.035491+00
5486,1,607,25.9,81.2,-96,2.25,9120,t,2026-09-05 16:48:06.129422+00
5487,2,1120,30.2,67,-70,8.5,16815,t,2026-09-05 16:48:14.2+00
5488,1,633,25.6,81.3,-95,3.75,9510,t,2026-09-05 16:54:38.633235+00
5489,2,1146,31.9,67,-72,7.75,17205,t,2026-09-05 16:54:44.019692+00
5490,1,634,25.9,81.2,-95,3.5,9525,t,2026-09-05 16:54:51.118183+00
5491,2,1147,31.1,67,-71,7.5,17220,t,2026-09-05 16:54:59.019527+00
5492,1,635,25.9,81.2,-96,3,9540,t,2026-09-05 16:55:06.118353+00
5493,2,1148,31.4,67,-71,7.75,17235,t,2026-09-05 16:55:14.020618+00
5494,1,636,25.6,81.2,-95,3.25,9555,t,2026-09-05 16:55:21.322177+00
5495,2,1149,31.8,67,-70,7.75,17250,t,2026-09-05 16:55:29.251535+00
5496,1,637,25.9,81.1,-95,3.5,9570,t,2026-09-05 16:55:36.119174+00
5497,2,1150,31.2,67,-67,8.5,17265,t,2026-09-05 16:55:44.019642+00
5498,1,638,25.9,81.2,-95,3.25,9585,t,2026-09-05 16:55:51.255257+00
5499,2,1151,31.8,67,-69,7.75,17280,t,2026-09-05 16:55:59.228767+00
5500,1,639,25.9,81.2,-95,3.75,9600,t,2026-09-05 16:56:06.115233+00
5501,2,1152,31.6,67,-64,9,17295,t,2026-09-05 16:56:14.118352+00
5502,1,640,25.9,81.2,-95,3.25,9615,t,2026-09-05 16:56:21.116967+00
5503,2,1153,31,67,-65,8.75,17310,t,2026-09-05 16:56:29.098397+00
5504,1,641,25.9,81.2,-95,3,9630,t,2026-09-05 16:56:36.116249+00
5505,2,1154,31,67,-65,8.5,17325,t,2026-09-05 16:56:44.017346+00
5506,1,642,25.9,81.2,-96,3,9645,t,2026-09-05 16:56:51.32161+00
5507,2,1155,31.1,67,-66,9,17340,t,2026-09-05 16:56:59.021892+00
5508,1,643,25.9,81.2,-95,2.75,9660,t,2026-09-05 16:57:06.370155+00
5509,2,1156,31.3,67,-66,9,17355,t,2026-09-05 16:57:14.016991+00
5510,1,644,25.9,81.2,-95,3.75,9675,t,2026-09-05 16:57:21.114981+00
5511,2,1157,31.4,67,-69,8.25,17370,t,2026-09-05 16:57:29.175681+00
5512,1,645,25.9,81.2,-95,3.25,9690,t,2026-09-05 16:57:36.31539+00
5513,2,1158,31.2,67,-69,8,17385,t,2026-09-05 16:57:44.013788+00
5514,1,646,25.9,81.2,-95,4.25,9705,t,2026-09-05 16:57:51.113942+00
5515,2,1159,31.3,67,-71,7.25,17400,t,2026-09-05 16:57:59.234955+00
5516,1,647,25.9,81.2,-94,4,9720,t,2026-09-05 16:58:06.118336+00
5517,2,1160,31.4,67,-80,0.25,17415,t,2026-09-05 16:58:14.012575+00
5518,1,648,25.9,81.1,-95,3.75,9735,t,2026-09-05 16:58:21.114243+00
5519,2,1161,31.7,67,-76,5.25,17430,t,2026-09-05 16:58:29.034789+00
5520,2,1162,31.2,67,-66,8.5,17445,t,2026-09-05 16:58:44.013743+00
5521,1,650,25.9,81.2,-95,3.75,9765,t,2026-09-05 16:58:51.348865+00
5522,2,1163,31.4,67,-69,8.25,17460,t,2026-09-05 16:58:59.012361+00
5523,1,651,25.9,81.2,-96,2.75,9780,t,2026-09-05 16:59:06.11278+00
5524,2,1164,31.7,67,-65,8.75,17475,t,2026-09-05 16:59:14.013067+00
5525,1,652,25.9,81.2,-96,3,9795,t,2026-09-05 16:59:21.112312+00
5526,2,1165,31.4,67,-65,8.5,17490,t,2026-09-05 16:59:29.010803+00
5527,1,653,25.9,81.2,-96,3.25,9810,t,2026-09-05 16:59:36.114096+00
5528,2,1166,31.6,67,-65,8.75,17505,t,2026-09-05 16:59:44.146324+00
5529,2,1167,31.8,67,-64,8.75,17520,t,2026-09-05 16:59:59.011045+00
5530,1,655,26,81.1,-95,3,9840,t,2026-09-05 17:00:06.110442+00
5531,2,1168,31.9,67,-64,9.75,17535,t,2026-09-05 17:00:14.012445+00
5532,1,656,25.9,81.2,-96,2.25,9855,t,2026-09-05 17:00:21.111246+00
5533,2,1169,31.3,67,-64,10,17550,t,2026-09-05 17:00:29.219272+00
5534,1,657,25.9,81.2,-95,2,9870,t,2026-09-05 17:00:36.109488+00
5535,2,1171,31.1,67,-63,10.25,17580,t,2026-09-05 17:00:59.008995+00
5536,1,659,25.9,81.2,-95,3,9900,t,2026-09-05 17:01:06.258713+00
5537,2,1172,31.3,67,-59,9.25,17595,t,2026-09-05 17:01:14.136206+00
5538,1,660,25.9,81.2,-95,4.5,9915,t,2026-09-05 17:01:21.107746+00
5539,2,1173,31.4,67,-61,9,17610,t,2026-09-05 17:01:29.008131+00
5540,1,661,25.9,81.2,-95,4.5,9930,t,2026-09-05 17:01:36.10901+00
5541,2,1174,31.9,67,-62,9,17625,t,2026-09-05 17:01:44.249208+00
5542,1,662,25.9,81.1,-94,4.5,9945,t,2026-09-05 17:01:51.109432+00
5543,2,1175,31.1,67,-61,9,17640,t,2026-09-05 17:01:59.296949+00
5544,1,663,25.9,81.1,-96,4,9960,t,2026-09-05 17:02:06.109251+00
5545,2,1176,31.9,67,-61,9.25,17655,t,2026-09-05 17:02:14.014078+00
5546,1,664,25.9,81.2,-96,4,9975,t,2026-09-05 17:02:21.109062+00
5547,2,1177,31.9,67,-64,8.75,17670,t,2026-09-05 17:02:29.011199+00
5548,1,665,25.9,81.2,-96,4,9990,t,2026-09-05 17:02:36.179151+00
5549,2,1178,31.9,67,-66,8.25,17685,t,2026-09-05 17:02:44.009059+00
5550,1,666,25.9,81.1,-96,3.5,10005,t,2026-09-05 17:02:51.109708+00
5551,2,1179,31.9,67,-66,8.25,17700,t,2026-09-05 17:02:59.387934+00
5552,2,1180,31.5,67,-65,8.25,17715,t,2026-09-05 17:03:14.004161+00
5553,1,668,25.9,81.1,-95,4.75,10035,t,2026-09-05 17:03:21.341286+00
5554,2,1181,31,67,-63,8.75,17730,t,2026-09-05 17:03:29.008608+00
5555,1,669,25.9,81.1,-95,4.25,10050,t,2026-09-05 17:03:36.1072+00
5556,2,1182,31.3,67,-66,8.5,17745,t,2026-09-05 17:03:44.059236+00
5557,1,670,25.9,81.1,-95,4.5,10065,t,2026-09-05 17:03:51.107105+00
5558,2,1183,31,67,-62,9,17760,t,2026-09-05 17:03:59.005893+00
5559,2,1184,31.4,67,-61,8.75,17775,t,2026-09-05 17:04:14.200576+00
5560,2,1185,31.2,67,-68,8,17790,t,2026-09-05 17:04:31.390017+00
5561,1,673,25.9,81.1,-96,4,10110,t,2026-09-05 17:04:36.544385+00
5562,1,674,25.9,81.4,-95,4.25,10125,t,2026-09-05 17:04:51.669842+00
5563,2,1187,31.2,67,-62,9,17820,t,2026-09-05 17:04:59.939761+00
5564,1,675,25.9,81.1,-95,4.5,10140,t,2026-09-05 17:05:06.454269+00
5565,2,1188,31.5,67,-63,9,17835,t,2026-09-05 17:05:14.059213+00
5566,1,676,25.9,81.1,-95,4.25,10155,t,2026-09-05 17:05:21.104225+00
5567,2,1189,31.7,67,-64,9.5,17850,t,2026-09-05 17:05:29.001975+00
5568,1,677,25.9,81.1,-95,5,10170,t,2026-09-05 17:05:36.281362+00
5569,2,1190,31.1,67,-65,9.25,17865,t,2026-09-05 17:05:44.046963+00
5570,1,678,26,81.1,-95,4.5,10185,t,2026-09-05 17:05:51.331363+00
5571,2,1191,31.2,67,-61,9.5,17880,t,2026-09-05 17:05:59.024563+00
5572,1,679,25.9,81.1,-95,4.5,10200,t,2026-09-05 17:06:06.495756+00
5573,2,1192,31.6,67,-66,8.75,17895,t,2026-09-05 17:06:13.999797+00
5574,1,680,25.9,81.1,-95,4,10215,t,2026-09-05 17:06:21.166557+00
5575,2,1193,31,67,-68,8.5,17910,t,2026-09-05 17:06:29.331251+00
5576,1,681,25.9,81.2,-95,4.75,10230,t,2026-09-05 17:06:36.333677+00
5577,2,1194,31.4,67,-68,8.5,17925,t,2026-09-05 17:06:44.672919+00
5578,1,682,25.9,81.1,-95,4.75,10245,t,2026-09-05 17:06:51.10238+00
5579,2,1195,31.8,67,-68,8.5,17940,t,2026-09-05 17:06:58.998407+00
5580,1,683,25.9,81.2,-95,4.5,10260,t,2026-09-05 17:07:06.114367+00
5581,2,1196,31.2,67,-69,8.5,17955,t,2026-09-05 17:07:14.071265+00
5582,1,684,25.9,81.2,-95,5,10275,t,2026-09-05 17:07:21.106891+00
5583,2,1197,31.4,67,-64,9,17970,t,2026-09-05 17:07:28.99721+00
5584,1,685,25.9,81.2,-94,5,10290,t,2026-09-05 17:07:36.103479+00
5585,2,1198,31.9,67,-62,9.25,17985,t,2026-09-05 17:07:44.086936+00
5586,1,686,25.9,81.1,-95,4.75,10305,t,2026-09-05 17:07:51.239888+00
5587,2,1199,31.4,67,-64,9.25,18000,t,2026-09-05 17:07:58.997702+00
5588,1,687,25.9,81.2,-94,5,10320,t,2026-09-05 17:08:06.100979+00
5589,2,1200,31.7,67,-65,8.75,18015,t,2026-09-05 17:08:13.99824+00
5590,1,688,26,81.1,-94,5,10335,t,2026-09-05 17:08:21.098275+00
5591,2,1201,31.1,67,-64,8.75,18030,t,2026-09-05 17:08:29.017217+00
5592,1,689,25.9,81.2,-95,5,10350,t,2026-09-05 17:08:38.634418+00
5593,2,1202,31.5,67,-70,8.5,18045,t,2026-09-05 17:08:49.924894+00
5594,1,690,25.9,81.2,-95,5,10365,t,2026-09-05 17:08:51.331331+00
5595,2,1203,31.7,67,-69,8.5,18060,t,2026-09-05 17:08:58.994629+00
5596,2,1204,31.1,67,-68,9,18075,t,2026-09-05 17:09:14.196235+00
5597,1,692,25.9,81.2,-95,4.75,10395,t,2026-09-05 17:09:21.426566+00
5598,2,1205,31.3,67,-65,11.5,18090,t,2026-09-05 17:09:28.999416+00
5599,1,693,25.9,81.2,-95,5,10410,t,2026-09-05 17:09:36.48119+00
5600,2,1206,31.3,67,-65,8.25,18105,t,2026-09-05 17:09:43.992777+00
5601,1,694,25.9,81.2,-95,4.5,10425,t,2026-09-05 17:09:51.098333+00
5602,2,1207,31.4,67,-64,8.75,18120,t,2026-09-05 17:09:59.631679+00
5603,1,695,25.9,81.2,-95,5,10440,t,2026-09-05 17:10:06.175756+00
5604,2,1208,31.3,67,-61,9.25,18135,t,2026-09-05 17:10:14.324249+00
5605,2,1209,31.3,67,-61,9.25,18150,t,2026-09-05 17:10:29.416875+00
5606,1,697,25.9,81.2,-95,5,10470,t,2026-09-05 17:10:36.100811+00
5607,2,1210,31.9,67,-61,9.25,18165,t,2026-09-05 17:10:43.992289+00
5608,1,698,25.9,81.2,-94,5.25,10485,t,2026-09-05 17:10:51.097331+00
5609,2,1211,30.9,67,-61,9.5,18180,t,2026-09-05 17:10:59.000414+00
5610,1,699,25.9,81.2,-95,4.75,10500,t,2026-09-05 17:11:06.373781+00
5611,2,1212,30.4,68,-61,9,18195,t,2026-09-05 17:11:13.99411+00
5612,1,700,25.9,81.2,-94,5,10515,t,2026-09-05 17:11:21.21486+00
5613,2,1213,30.3,68,-62,9.25,18210,t,2026-09-05 17:11:29.23016+00
5614,2,1214,30.4,68,-62,9.25,18225,t,2026-09-05 17:11:44.152063+00
5615,1,702,25.9,81.2,-94,5,10545,t,2026-09-05 17:11:51.098721+00
5616,2,1215,30,68,-62,9.25,18240,t,2026-09-05 17:11:58.988591+00
5617,1,703,25.9,81.2,-94,5.5,10560,t,2026-09-05 17:12:06.130839+00
5618,2,1216,30.1,68,-62,9.25,18255,t,2026-09-05 17:12:13.988658+00
5619,1,704,25.9,81.2,-95,5.25,10575,t,2026-09-05 17:12:21.246114+00
5620,2,1217,30.9,68,-62,9.25,18270,t,2026-09-05 17:12:28.985992+00
5621,1,705,25.9,81.2,-95,5,10590,t,2026-09-05 17:12:36.094297+00
5622,2,1218,30.2,68,-62,9,18285,t,2026-09-05 17:12:43.986259+00
5623,1,706,25.9,81.2,-94,5,10605,t,2026-09-05 17:12:51.387022+00
5624,2,1219,30.9,68,-62,9.25,18300,t,2026-09-05 17:12:59.244123+00
5625,1,707,25.9,81.2,-95,4.75,10620,t,2026-09-05 17:13:06.22398+00
5626,2,1220,31.3,67,-60,9,18315,t,2026-09-05 17:13:13.9922+00
5627,1,708,25.9,81.2,-96,4.5,10635,t,2026-09-05 17:13:21.093837+00
5628,2,1221,30.5,68,-61,9.5,18330,t,2026-09-05 17:13:29.384887+00
5629,1,709,25.9,81.2,-95,5,10650,t,2026-09-05 17:13:36.544326+00
5630,2,1222,30.4,68,-61,9,18345,t,2026-09-05 17:13:44.223285+00
5631,1,710,25.9,81.2,-95,4.25,10665,t,2026-09-05 17:13:51.092494+00
5632,2,1223,30.2,68,-60,9.25,18360,t,2026-09-05 17:13:59.174292+00
5633,1,711,25.9,81.2,-94,5,10680,t,2026-09-05 17:14:06.091189+00
5634,2,1224,31.6,67,-62,8.75,18375,t,2026-09-05 17:14:14.531661+00
5635,1,712,25.9,81.2,-94,5,10695,t,2026-09-05 17:14:21.090981+00
5636,2,1225,31,67,-63,9,18390,t,2026-09-05 17:14:28.9825+00
5637,2,1226,31,67,-63,9.5,18405,t,2026-09-05 17:14:43.984521+00
5638,1,714,25.9,80.9,-94,5.5,10725,t,2026-09-05 17:14:51.089446+00
5639,2,1227,31.1,67,-63,9,18420,t,2026-09-05 17:14:58.98479+00
5640,1,715,25.9,81.2,-94,5.5,10740,t,2026-09-05 17:15:06.091425+00
5641,2,1228,31.3,67,-60,9.25,18435,t,2026-09-05 17:15:14.018042+00
5642,1,716,25.9,81.2,-94,5.5,10755,t,2026-09-05 17:15:21.304603+00
5643,2,1229,31.9,67,-59,9,18450,t,2026-09-05 17:15:28.982596+00
5644,1,717,25.9,81.2,-95,5.25,10770,t,2026-09-05 17:15:36.087954+00
5645,2,1230,31.8,67,-62,9.25,18465,t,2026-09-05 17:15:43.980563+00
5646,1,718,25.9,81.2,-95,5.25,10785,t,2026-09-05 17:15:51.093979+00
5647,2,1231,31.2,67,-63,9,18480,t,2026-09-05 17:15:58.981276+00
5648,1,719,25.9,81.4,-94,5.5,10800,t,2026-09-05 17:16:06.088818+00
5649,2,1232,31.8,67,-62,9.25,18495,t,2026-09-05 17:16:14.34621+00
5650,1,720,25.9,81.2,-94,5,10815,t,2026-09-05 17:16:21.090015+00
5651,2,1233,31.1,67,-63,9,18510,t,2026-09-05 17:16:30.215405+00
5652,1,721,25.9,81.2,-94,5.25,10830,t,2026-09-05 17:16:36.257204+00
5653,2,1234,31.3,67,-63,8.75,18525,t,2026-09-05 17:16:44.045038+00
5654,1,722,25.8,81.1,-95,5.25,10845,t,2026-09-05 17:16:51.088047+00
5655,2,1235,31,67,-63,9,18540,t,2026-09-05 17:16:58.980131+00
5656,1,723,25.9,81.2,-95,5.25,10860,t,2026-09-05 17:17:06.090112+00
5657,2,1236,31.3,67,-63,9,18555,t,2026-09-05 17:17:14.348417+00
5658,1,724,25.9,81.2,-95,5,10875,t,2026-09-05 17:17:21.089318+00
5659,2,1237,31.3,67,-64,8.75,18570,t,2026-09-05 17:17:28.979337+00
5660,2,1238,30.4,68,-64,9.25,18585,t,2026-09-05 17:17:44.046+00
5661,1,726,25.9,81.2,-95,5,10905,t,2026-09-05 17:17:51.086749+00
5662,2,1239,31.7,67,-63,9.5,18600,t,2026-09-05 17:17:58.978193+00
5663,1,727,25.9,81.2,-95,5,10920,t,2026-09-05 17:18:06.08587+00
5664,2,1240,31.1,67,-62,9,18615,t,2026-09-05 17:18:14.047798+00
5665,1,728,25.9,81.1,-95,4.75,10935,t,2026-09-05 17:18:21.091778+00
5666,2,1241,30.4,68,-63,9,18630,t,2026-09-05 17:18:28.977202+00
5667,1,729,25.9,81.1,-94,5.5,10950,t,2026-09-05 17:18:36.085363+00
5668,2,1242,30.7,67,-62,9.25,18645,t,2026-09-05 17:18:43.977693+00
5669,1,730,25.9,81.1,-95,5.25,10965,t,2026-09-05 17:18:51.085923+00
5670,2,1243,30,68,-62,9.5,18660,t,2026-09-05 17:18:58.974886+00
5671,1,731,25.8,81.1,-94,5,10980,t,2026-09-05 17:19:06.29049+00
5672,2,1244,30.3,68,-62,9.5,18675,t,2026-09-05 17:19:14.0541+00
5673,2,1245,30,68,-62,9.25,18690,t,2026-09-05 17:19:28.976779+00
5674,1,733,25.9,81.1,-95,5.25,11010,t,2026-09-05 17:19:36.382031+00
5675,2,1246,30.3,68,-62,8.75,18705,t,2026-09-05 17:19:44.467097+00
5676,1,734,25.9,81.2,-95,5.25,11025,t,2026-09-05 17:19:51.085568+00
5677,2,1247,30.5,68,-63,8.75,18720,t,2026-09-05 17:19:58.974305+00
5678,1,735,25.9,81.1,-94,5,11040,t,2026-09-05 17:20:06.084329+00
5679,2,1248,30.9,68,-62,8.75,18735,t,2026-09-05 17:20:13.973306+00
5680,1,736,25.9,81.2,-95,4.75,11055,t,2026-09-05 17:20:21.128346+00
5681,2,1249,30.2,68,-62,9.25,18750,t,2026-09-05 17:20:28.979166+00
5682,2,1250,30.7,68,-63,9,18765,t,2026-09-05 17:20:43.971986+00
5683,1,738,25.9,81.1,-96,4.5,11085,t,2026-09-05 17:20:51.240032+00
5684,2,1251,30,68,-65,8.75,18780,t,2026-09-05 17:20:58.995602+00
5685,1,739,25.9,81.3,-94,4.5,11100,t,2026-09-05 17:21:06.29037+00
5686,2,1252,30.2,68,-65,8.5,18795,t,2026-09-05 17:21:14.654939+00
5687,1,740,25.8,81.1,-95,4.75,11115,t,2026-09-05 17:21:21.080988+00
5688,2,1253,30.3,68,-65,9,18810,t,2026-09-05 17:21:29.021597+00
5689,1,741,25.9,81.1,-94,5,11130,t,2026-09-05 17:21:36.082598+00
5690,1,742,25.9,81.1,-95,4.75,11145,t,2026-09-05 17:21:51.240657+00
5691,2,1255,30.2,68,-65,8.75,18840,t,2026-09-05 17:21:58.969972+00
5692,1,743,25.9,81.1,-95,4.5,11160,t,2026-09-05 17:22:06.14534+00
5693,2,1256,30.2,68,-66,8.75,18855,t,2026-09-05 17:22:14.075902+00
5694,1,744,25.9,81.1,-95,5,11175,t,2026-09-05 17:22:21.081044+00
5695,2,1257,30.2,68,-65,8.75,18870,t,2026-09-05 17:22:29.031076+00
5696,1,745,25.9,81.1,-95,4.75,11190,t,2026-09-05 17:22:36.080147+00
5697,2,1258,30.4,68,-65,8.75,18885,t,2026-09-05 17:22:44.078849+00
5698,2,1259,30.2,68,-65,8.75,18900,t,2026-09-05 17:22:59.607339+00
5699,1,747,25.9,81.1,-94,5,11220,t,2026-09-05 17:23:06.079373+00
5700,2,1260,30.5,68,-65,8.25,18915,t,2026-09-05 17:23:13.968997+00
5701,1,748,25.9,81.1,-95,4.5,11235,t,2026-09-05 17:23:21.078628+00
5702,2,1261,30.6,68,-65,9.25,18930,t,2026-09-05 17:23:29.08987+00
5703,1,749,25.9,81.1,-95,4.75,11250,t,2026-09-05 17:23:36.100249+00
5704,2,1262,30.9,68,-65,8.5,18945,t,2026-09-05 17:23:43.967189+00
5705,1,750,25.9,81.1,-95,5,11265,t,2026-09-05 17:23:51.078276+00
5706,2,1263,30.1,68,-64,9,18960,t,2026-09-05 17:23:59.241562+00
5707,1,751,25.8,81.1,-95,4.5,11280,t,2026-09-05 17:24:06.078998+00
5708,2,1264,30.4,68,-66,9,18975,t,2026-09-05 17:24:14.090997+00
5709,1,752,25.9,81.1,-95,4.5,11295,t,2026-09-05 17:24:21.076926+00
5710,2,1265,30.4,68,-61,9.25,18990,t,2026-09-05 17:24:30.447453+00
5711,1,753,25.9,81.1,-95,5,11310,t,2026-09-05 17:24:36.114567+00
5712,2,1266,30.8,68,-61,9,19005,t,2026-09-05 17:24:44.24201+00
5713,1,754,25.9,81.1,-95,4.75,11325,t,2026-09-05 17:24:51.076+00
5714,2,1267,30.8,68,-62,9,19020,t,2026-09-05 17:24:58.965642+00
5715,1,755,25.9,81.1,-95,4.75,11340,t,2026-09-05 17:25:06.616906+00
5716,2,1268,30.3,68,-62,9,19035,t,2026-09-05 17:25:13.963433+00
5717,1,756,25.9,81.1,-95,4.5,11355,t,2026-09-05 17:25:21.075994+00
5718,2,1269,30.2,68,-62,9.5,19050,t,2026-09-05 17:25:28.963303+00
5719,1,757,25.9,81.1,-95,4.75,11370,t,2026-09-05 17:25:36.07637+00
5720,2,1270,30.7,68,-60,9,19065,t,2026-09-05 17:25:43.965377+00
5721,2,1271,30,68,-62,9.25,19080,t,2026-09-05 17:25:59.253831+00
5722,1,759,25.9,81.1,-95,4.5,11400,t,2026-09-05 17:26:09.786591+00
5723,2,1272,30.1,68,-63,9,19095,t,2026-09-05 17:26:14.513658+00
5724,1,760,25.9,81.1,-95,4.5,11415,t,2026-09-05 17:26:21.376424+00
5725,2,1273,30.1,68,-62,9,19110,t,2026-09-05 17:26:29.063813+00
5726,1,761,25.9,81.1,-95,4.75,11430,t,2026-09-05 17:26:36.073574+00
5727,2,1274,30.1,68,-63,8.75,19125,t,2026-09-05 17:26:44.207833+00
5728,1,762,25.9,81.1,-95,4.75,11445,t,2026-09-05 17:26:51.07414+00
5729,2,1275,30.4,68,-63,8.75,19140,t,2026-09-05 17:26:58.960534+00
5730,1,763,25.9,81.1,-96,4.25,11460,t,2026-09-05 17:27:06.399191+00
5731,2,1276,30.7,68,-63,9.25,19155,t,2026-09-05 17:27:13.962266+00
5732,1,764,25.9,81.1,-95,5,11475,t,2026-09-05 17:27:21.279479+00
5733,2,1277,30.1,68,-62,9,19170,t,2026-09-05 17:27:28.96059+00
5734,1,765,25.9,81.1,-95,4.25,11490,t,2026-09-05 17:27:36.221754+00
5735,2,1278,30.4,68,-62,9,19185,t,2026-09-05 17:27:44.217657+00
5736,1,766,25.9,81.1,-96,4.75,11505,t,2026-09-05 17:27:51.074698+00
5737,2,1279,30.7,68,-61,9.5,19200,t,2026-09-05 17:27:58.959011+00
5738,1,767,25.9,81.1,-95,4.75,11520,t,2026-09-05 17:28:06.235611+00
5739,2,1280,30,68,-62,9.75,19215,t,2026-09-05 17:28:14.221848+00
5740,1,768,25.9,81.1,-95,4.5,11535,t,2026-09-05 17:28:21.391899+00
5741,2,1281,30.2,68,-62,9,19230,t,2026-09-05 17:28:28.958996+00
5742,1,769,25.9,81.1,-95,4.75,11550,t,2026-09-05 17:28:36.483381+00
5743,2,1282,30.6,68,-63,8.75,19245,t,2026-09-05 17:28:44.016826+00
5744,1,770,25.9,81.1,-95,4.5,11565,t,2026-09-05 17:28:51.126455+00
5745,2,1283,30.9,68,-62,9,19260,t,2026-09-05 17:28:58.9579+00
5746,1,771,25.9,81.1,-95,4.5,11580,t,2026-09-05 17:29:06.343885+00
5747,2,1284,30.1,68,-63,9.25,19275,t,2026-09-05 17:29:14.328001+00
5748,1,772,25.9,81.1,-95,4.75,11595,t,2026-09-05 17:29:21.197854+00
5749,2,1285,30.8,68,-62,9.5,19290,t,2026-09-05 17:29:28.958323+00
5750,1,773,25.9,81.1,-95,4.75,11610,t,2026-09-05 17:29:36.146149+00
5751,2,1286,30.5,68,-62,9,19305,t,2026-09-05 17:29:44.277331+00
5752,1,774,25.9,81.1,-95,4.25,11625,t,2026-09-05 17:29:51.269813+00
5753,2,1287,30.8,68,-62,9,19320,t,2026-09-05 17:29:58.975245+00
5754,1,775,25.9,81.1,-95,4.25,11640,t,2026-09-05 17:30:06.457309+00
5755,2,1288,30.5,68,-62,9,19335,t,2026-09-05 17:30:14.030321+00
5756,2,1289,30.7,68,-62,9.5,19350,t,2026-09-05 17:30:29.240833+00
5757,2,1290,30,68,-63,9.5,19365,t,2026-09-05 17:30:43.954099+00
5758,1,778,25.9,81.1,-94,4.25,11685,t,2026-09-05 17:30:51.071064+00
5759,2,1291,30.1,68,-63,9,19380,t,2026-09-05 17:30:58.954414+00
5760,1,779,25.9,81.1,-95,4.25,11700,t,2026-09-05 17:31:06.071178+00
5761,2,1292,30.7,68,-63,9,19395,t,2026-09-05 17:31:14.13947+00
5762,1,780,25.9,81.1,-96,4.5,11715,t,2026-09-05 17:31:21.069663+00
5763,2,1293,30.9,68,-62,9.75,19410,t,2026-09-05 17:31:28.954534+00
5764,1,781,25.9,81.1,-95,5,11730,t,2026-09-05 17:31:36.066513+00
5765,1,782,25.9,81.1,-95,4.25,11745,t,2026-09-05 17:31:51.067658+00
5766,2,1295,30.8,68,-62,10,19440,t,2026-09-05 17:31:58.956004+00
5767,1,783,25.8,81.1,-95,4.5,11760,t,2026-09-05 17:32:06.304012+00
5768,2,1296,30.4,68,-62,8.75,19455,t,2026-09-05 17:32:14.052333+00
5769,1,784,25.9,81.1,-96,4,11775,t,2026-09-05 17:32:21.066405+00
5770,2,1297,30,68,-62,9.25,19470,t,2026-09-05 17:32:29.191568+00
5771,1,785,25.8,81.1,-95,4.25,11790,t,2026-09-05 17:32:36.066292+00
5772,2,1298,30.1,68,-62,8.75,19485,t,2026-09-05 17:32:43.94989+00
5773,1,786,25.9,81.1,-95,4.25,11805,t,2026-09-05 17:32:51.538783+00
5774,2,1299,30.4,68,-61,9,19500,t,2026-09-05 17:32:59.097236+00
5775,1,787,25.9,81.1,-96,4,11820,t,2026-09-05 17:33:06.107732+00
5776,2,1300,30.9,68,-61,9.75,19515,t,2026-09-05 17:33:13.950439+00
5777,2,1301,30,68,-62,8.75,19530,t,2026-09-05 17:33:28.948769+00
5778,2,1302,30,68,-61,9,19545,t,2026-09-05 17:33:43.973364+00
5779,1,790,25.9,81.1,-96,5,11865,t,2026-09-05 17:33:51.064002+00
5780,2,1303,30,68,-60,9.25,19560,t,2026-09-05 17:33:58.94652+00
5781,1,791,25.9,81.1,-96,4.25,11880,t,2026-09-05 17:34:06.086069+00
5782,2,1304,30.9,68,-60,9.25,19575,t,2026-09-05 17:34:14.219835+00
5783,1,792,25.9,81.1,-95,4.5,11895,t,2026-09-05 17:34:21.06207+00
5784,2,1305,30.9,68,-60,8.75,19590,t,2026-09-05 17:34:29.058849+00
5785,1,793,25.9,81.1,-95,4.5,11910,t,2026-09-05 17:34:36.062926+00
5786,2,1306,30,68,-60,9,19605,t,2026-09-05 17:34:44.157612+00
5787,1,794,25.9,81.1,-95,4.25,11925,t,2026-09-05 17:34:51.387337+00
5788,2,1307,30.2,68,-61,9,19620,t,2026-09-05 17:34:58.94686+00
5789,1,795,25.9,81.1,-96,5,11940,t,2026-09-05 17:35:06.335801+00
5790,2,1308,30.6,68,-60,9,19635,t,2026-09-05 17:35:13.963765+00
5791,1,796,25.9,81.1,-95,4.5,11955,t,2026-09-05 17:35:21.328828+00
5792,2,1309,30.8,68,-60,9,19650,t,2026-09-05 17:35:28.943758+00
5793,1,797,25.9,81.1,-95,4.25,11970,t,2026-09-05 17:35:36.063808+00
5794,2,1310,30.5,68,-60,8.75,19665,t,2026-09-05 17:35:43.944142+00
5795,1,798,25.9,81.2,-95,4.75,11985,t,2026-09-05 17:35:51.061339+00
5796,2,1311,30.8,68,-60,9.25,19680,t,2026-09-05 17:35:58.944259+00
5797,1,799,25.9,81.1,-95,4.25,12000,t,2026-09-05 17:36:06.061228+00
5798,2,1312,30.5,68,-60,8.75,19695,t,2026-09-05 17:36:13.944148+00
5799,1,800,25.9,81.1,-95,4.75,12015,t,2026-09-05 17:36:21.061452+00
5800,2,1313,30.7,68,-62,9.25,19710,t,2026-09-05 17:36:28.946041+00
5801,1,801,25.9,81.1,-96,4.5,12030,t,2026-09-05 17:36:36.085316+00
5802,2,1314,30,68,-61,9.25,19725,t,2026-09-05 17:36:43.943342+00
5803,1,802,25.9,81.1,-95,4.25,12045,t,2026-09-05 17:36:51.260758+00
5804,1,803,25.9,81.1,-96,4.5,12060,t,2026-09-05 17:37:06.059509+00
5805,2,1316,30.9,68,-61,9,19755,t,2026-09-05 17:37:13.944796+00
5806,1,804,25.9,81.1,-95,4.5,12075,t,2026-09-05 17:37:21.060034+00
5807,2,1317,30.3,68,-61,9,19770,t,2026-09-05 17:37:28.943215+00
5808,1,805,25.9,81.1,-95,4.5,12090,t,2026-09-05 17:37:36.403273+00
5809,2,1318,30.3,68,-62,8.75,19785,t,2026-09-05 17:37:43.941041+00
5810,1,806,25.9,81.3,-95,4.5,12105,t,2026-09-05 17:37:51.059777+00
5811,2,1319,30.4,68,-61,9.25,19800,t,2026-09-05 17:37:58.948696+00
5812,1,807,25.9,81.1,-95,4.25,12120,t,2026-09-05 17:38:06.058337+00
5813,2,1320,30.1,68,-62,8.75,19815,t,2026-09-05 17:38:13.941542+00
5814,1,808,25.9,81.1,-95,4.5,12135,t,2026-09-05 17:38:21.353504+00
5815,2,1321,30.3,68,-61,9,19830,t,2026-09-05 17:38:28.940607+00
5816,1,809,25.9,81.1,-95,4.75,12150,t,2026-09-05 17:38:36.058261+00
5817,2,1322,30.2,68,-60,8.75,19845,t,2026-09-05 17:38:43.938967+00
5818,1,810,25.9,81.1,-95,4.25,12165,t,2026-09-05 17:38:51.262547+00
5819,2,1323,30.4,68,-60,9,19860,t,2026-09-05 17:38:59.24358+00
5820,1,811,25.9,81.2,-95,4.5,12180,t,2026-09-05 17:39:06.05851+00
5821,2,1324,30.2,68,-60,8.75,19875,t,2026-09-05 17:39:13.941144+00
5822,1,812,25.9,81.2,-95,4.75,12195,t,2026-09-05 17:39:21.311298+00
5823,2,1325,30.5,68,-60,9,19890,t,2026-09-05 17:39:28.939586+00
5824,1,813,25.9,81.2,-94,4.75,12210,t,2026-09-05 17:39:36.23694+00
5825,2,1326,30.6,68,-61,9,19905,t,2026-09-05 17:39:44.043824+00
5826,1,815,25.9,81.2,-95,4.75,12240,t,2026-09-05 17:40:06.098069+00
5827,2,1328,30.6,68,-61,8.75,19935,t,2026-09-05 17:40:13.936887+00
5828,1,816,25.6,81.3,-95,5,12255,t,2026-09-05 17:40:21.090477+00
5829,2,1329,30.1,68,-62,9.5,19950,t,2026-09-05 17:40:29.252586+00
5830,1,817,25.9,81.4,-94,5,12270,t,2026-09-05 17:40:36.52256+00
5831,2,1330,30.4,68,-61,9,19965,t,2026-09-05 17:40:43.935946+00
5832,1,818,25.9,81.2,-94,4.75,12285,t,2026-09-05 17:40:51.270284+00
5833,2,1331,30.1,68,-61,9.25,19980,t,2026-09-05 17:40:58.936989+00
5834,1,819,25.9,81.2,-94,5.25,12300,t,2026-09-05 17:41:06.326136+00
5835,2,1332,30.4,68,-61,9.75,19995,t,2026-09-05 17:41:14.103486+00
5836,1,820,25.8,81.3,-95,4.75,12315,t,2026-09-05 17:41:21.448914+00
5837,2,1333,30.2,68,-62,8.75,20010,t,2026-09-05 17:41:28.952627+00
5838,1,821,25.9,81.2,-95,4.75,12330,t,2026-09-05 17:41:36.088875+00
5839,1,822,25.9,81.3,-95,4.5,12345,t,2026-09-05 17:41:51.086927+00
5840,2,1335,30.2,68,-63,9.25,20040,t,2026-09-05 17:41:59.158367+00
5841,1,823,25.9,81.3,-95,4.75,12360,t,2026-09-05 17:42:06.195627+00
5842,2,1336,30.2,68,-59,8.75,20055,t,2026-09-05 17:42:13.932874+00
5843,1,824,25.9,81.4,-95,4.75,12375,t,2026-09-05 17:42:21.175859+00
5844,2,1337,30.3,68,-60,8.75,20070,t,2026-09-05 17:42:28.959422+00
5845,1,825,25.9,81.4,-95,4.5,12390,t,2026-09-05 17:42:36.087338+00
5846,2,1338,30.2,68,-60,8.75,20085,t,2026-09-05 17:42:44.215586+00
5847,1,826,25.9,81.4,-95,5,12405,t,2026-09-05 17:42:51.282258+00
5848,2,1339,30.6,68,-60,9.25,20100,t,2026-09-05 17:42:58.933214+00
5849,1,827,25.8,81.4,-95,4.75,12420,t,2026-09-05 17:43:06.087104+00
5850,2,1340,30.3,68,-60,8.5,20115,t,2026-09-05 17:43:13.930496+00
5851,1,828,25.9,81.6,-95,4.75,12435,t,2026-09-05 17:43:21.086843+00
5852,2,1341,30.1,68,-60,9.25,20130,t,2026-09-05 17:43:30.095978+00
5853,1,829,25.9,81.4,-94,5,12450,t,2026-09-05 17:43:36.085235+00
5854,2,1342,30.4,68,-59,9,20145,t,2026-09-05 17:43:43.929745+00
5855,1,830,25.9,81.4,-94,5,12465,t,2026-09-05 17:43:51.387003+00
5856,2,1343,30.1,68,-60,8.75,20160,t,2026-09-05 17:43:58.929151+00
5857,1,831,25.9,81.4,-95,4.75,12480,t,2026-09-05 17:44:06.211346+00
5858,2,1344,30.8,68,-60,9,20175,t,2026-09-05 17:44:14.324349+00
5859,1,832,25.9,81.4,-95,4.75,12495,t,2026-09-05 17:44:21.418518+00
5860,2,1345,30.5,68,-60,9,20190,t,2026-09-05 17:44:28.928987+00
5861,1,833,25.6,81.5,-95,4.5,12510,t,2026-09-05 17:44:36.446662+00
5862,2,1346,30.8,68,-60,8.5,20205,t,2026-09-05 17:44:43.928966+00
5863,1,834,25.9,81.5,-94,5.25,12525,t,2026-09-05 17:44:51.085975+00
5864,2,1347,30.2,68,-59,9,20220,t,2026-09-05 17:44:59.039551+00
5865,1,835,25.8,81.5,-95,4.75,12540,t,2026-09-05 17:45:06.084036+00
5866,2,1348,30.6,68,-59,9,20235,t,2026-09-05 17:45:16.184522+00
5867,1,836,25.6,81.6,-95,4.75,12555,t,2026-09-05 17:45:21.218883+00
5868,2,1349,30.4,68,-60,8.75,20250,t,2026-09-05 17:45:30.211425+00
5869,2,1350,30.1,68,-61,9,20265,t,2026-09-05 17:45:43.92834+00
5870,1,838,25.9,81.5,-95,5,12585,t,2026-09-05 17:45:51.085492+00
5871,2,1351,30.7,68,-60,8.5,20280,t,2026-09-05 17:45:58.926446+00
5872,1,839,25.8,81.5,-95,4.75,12600,t,2026-09-05 17:46:06.087132+00
5873,2,1352,30.9,68,-60,8.75,20295,t,2026-09-05 17:46:14.200232+00
5874,1,840,25.8,81.6,-94,4.75,12615,t,2026-09-05 17:46:21.304791+00
5875,2,1353,30.2,68,-59,8.75,20310,t,2026-09-05 17:46:28.925092+00
5876,1,841,25.8,81.6,-94,5,12630,t,2026-09-05 17:46:36.083715+00
5877,2,1354,30.6,68,-60,8.75,20325,t,2026-09-05 17:46:43.936333+00
5878,1,842,25.8,81.6,-95,4.5,12645,t,2026-09-05 17:46:51.08254+00
5879,2,1355,30.2,68,-59,8.75,20340,t,2026-09-05 17:46:58.925141+00
5880,1,843,25.8,81.7,-95,4.75,12660,t,2026-09-05 17:47:06.366572+00
5881,2,1356,30.2,68,-59,8.75,20355,t,2026-09-05 17:47:13.925802+00
5882,1,844,25.8,81.6,-95,5.25,12675,t,2026-09-05 17:47:21.084721+00
5883,2,1357,30.4,68,-58,9.5,20370,t,2026-09-05 17:47:28.921827+00
5884,1,845,25.8,81.6,-95,5.25,12690,t,2026-09-05 17:47:36.08257+00
5885,2,1358,30.9,68,-60,9,20385,t,2026-09-05 17:47:43.924059+00
5886,1,846,25.8,81.6,-95,5,12705,t,2026-09-05 17:47:51.082345+00
5887,2,1359,30.9,68,-61,9.25,20400,t,2026-09-05 17:47:59.412644+00
5888,1,847,25.8,81.7,-94,5,12720,t,2026-09-05 17:48:06.081792+00
5889,2,1360,30.9,68,-61,8.75,20415,t,2026-09-05 17:48:14.067523+00
5890,1,848,25.9,81.6,-95,5,12735,t,2026-09-05 17:48:21.082488+00
5891,2,1361,30,68,-60,9.5,20430,t,2026-09-05 17:48:28.923413+00
5892,1,849,25.9,81.6,-94,4.75,12750,t,2026-09-05 17:48:36.166671+00
5893,2,1362,30.1,68,-61,9.5,20445,t,2026-09-05 17:48:44.167218+00
5894,1,850,25.8,81.6,-94,5.25,12765,t,2026-09-05 17:48:51.078718+00
5895,2,1363,30.7,68,-60,9.25,20460,t,2026-09-05 17:48:59.208164+00
5896,1,851,25.9,81.7,-95,5.25,12780,t,2026-09-05 17:49:06.079034+00
5897,2,1364,30.9,68,-60,9.25,20475,t,2026-09-05 17:49:13.922235+00
5898,1,853,25.8,81.6,-95,5,12810,t,2026-09-05 17:49:36.081933+00
5899,2,1366,30,68,-60,8.75,20505,t,2026-09-05 17:49:43.918857+00
5900,1,854,25.9,81.6,-94,5,12825,t,2026-09-05 17:49:51.494619+00
5901,2,1367,30.9,68,-60,9,20520,t,2026-09-05 17:49:59.213387+00
5902,2,1368,30.1,68,-59,9.5,20535,t,2026-09-05 17:50:14.168241+00
5903,1,856,25.9,81.7,-95,5,12855,t,2026-09-05 17:50:21.079314+00
5904,2,1369,30.5,68,-58,9.5,20550,t,2026-09-05 17:50:29.116652+00
5905,1,857,25.9,81.7,-95,5,12870,t,2026-09-05 17:50:36.232469+00
5906,2,1370,30.6,68,-58,9.5,20565,t,2026-09-05 17:50:44.065316+00
5907,2,1371,30.2,68,-59,9.5,20580,t,2026-09-05 17:50:59.079225+00
5908,2,1372,30.5,68,-58,9.25,20595,t,2026-09-05 17:51:13.916948+00
5909,1,860,25.9,81.7,-95,5.25,12915,t,2026-09-05 17:51:21.07595+00
5910,2,1373,30.7,68,-59,9.5,20610,t,2026-09-05 17:51:28.916659+00
5911,1,861,25.9,81.7,-94,5,12930,t,2026-09-05 17:51:36.196067+00
5912,2,1374,30.9,68,-58,9.75,20625,t,2026-09-05 17:51:43.918765+00
5913,1,862,25.9,81.7,-94,5,12945,t,2026-09-05 17:51:51.077935+00
5914,2,1375,30.1,68,-58,9.5,20640,t,2026-09-05 17:51:58.919495+00
5915,1,863,25.9,81.6,-94,5.25,12960,t,2026-09-05 17:52:06.093031+00
5916,2,1376,30.4,68,-58,9.5,20655,t,2026-09-05 17:52:13.914976+00
5917,1,864,25.9,81.7,-95,5.5,12975,t,2026-09-05 17:52:21.074373+00
5918,2,1377,30.6,68,-60,9.25,20670,t,2026-09-05 17:52:29.228568+00
5919,1,865,25.8,81.7,-94,4.5,12990,t,2026-09-05 17:52:36.074949+00
5920,2,1378,30.3,68,-59,8.75,20685,t,2026-09-05 17:52:43.912999+00
5921,1,866,25.9,81.7,-94,5,13005,t,2026-09-05 17:52:51.075042+00
5922,2,1379,30.1,68,-59,9.25,20700,t,2026-09-05 17:52:58.912983+00
5923,1,867,25.9,81.7,-95,5,13020,t,2026-09-05 17:53:06.076418+00
5924,2,1380,30.7,68,-59,9.5,20715,t,2026-09-05 17:53:14.203947+00
5925,1,868,25.9,81.7,-95,5.25,13035,t,2026-09-05 17:53:21.355502+00
5926,2,1381,30.8,68,-59,9.5,20730,t,2026-09-05 17:53:28.912256+00
5927,1,869,25.8,81.7,-94,5,13050,t,2026-09-05 17:53:36.072673+00
5928,2,1382,30.3,68,-59,9,20745,t,2026-09-05 17:53:43.984713+00
5929,1,870,25.8,81.7,-95,5,13065,t,2026-09-05 17:53:51.213909+00
5930,2,1383,30.2,68,-59,9.25,20760,t,2026-09-05 17:53:59.200229+00
5931,1,871,25.8,81.7,-95,5,13080,t,2026-09-05 17:54:06.213939+00
5932,2,1384,30.5,68,-59,9.25,20775,t,2026-09-05 17:54:13.911461+00
5933,2,1385,30.6,68,-59,9.25,20790,t,2026-09-05 17:54:28.912996+00
5934,1,873,25.8,81.7,-94,5,13110,t,2026-09-05 17:54:36.073585+00
5935,2,1386,30.9,68,-59,8.75,20805,t,2026-09-05 17:54:44.153913+00
5936,2,1387,30.1,68,-61,9.25,20820,t,2026-09-05 17:54:58.909+00
5937,1,875,25.8,81.9,-95,4.75,13140,t,2026-09-05 17:55:06.290132+00
5938,2,1388,30.6,68,-61,9,20835,t,2026-09-05 17:55:13.910958+00
5939,1,876,25.8,81.9,-96,9.5,13155,t,2026-09-05 17:55:21.127644+00
5940,2,1389,30,68,-60,9,20850,t,2026-09-05 17:55:28.908679+00
5941,1,877,25.8,81.9,-94,5,13170,t,2026-09-05 17:55:36.215034+00
5942,2,1390,30.1,68,-60,9,20865,t,2026-09-05 17:55:44.307079+00
5943,1,878,25.8,81.9,-95,4.5,13185,t,2026-09-05 17:55:51.109179+00
5944,2,1391,30.6,68,-60,9,20880,t,2026-09-05 17:55:58.90913+00
5945,1,879,25.6,82,-95,5.25,13200,t,2026-09-05 17:56:06.115574+00
5946,2,1392,30.1,68,-61,9.25,20895,t,2026-09-05 17:56:13.907363+00
5947,1,880,25.8,81.9,-95,5,13215,t,2026-09-05 17:56:21.10934+00
5948,2,1393,30.5,68,-60,9,20910,t,2026-09-05 17:56:28.908142+00
5949,1,881,25.8,81.9,-96,5,13230,t,2026-09-05 17:56:36.124312+00
5950,1,882,25.8,81.9,-95,4.5,13245,t,2026-09-05 17:56:51.10914+00
5951,2,1395,30.1,68,-59,8.5,20940,t,2026-09-05 17:56:58.909027+00
5952,1,883,25.8,81.9,-94,5,13260,t,2026-09-05 17:57:06.110878+00
5953,2,1396,30.8,68,-59,9.5,20955,t,2026-09-05 17:57:13.907611+00
5954,1,884,25.8,81.9,-96,4.25,13275,t,2026-09-05 17:57:21.179547+00
5955,2,1397,30.2,68,-61,9.25,20970,t,2026-09-05 17:57:29.26387+00
5956,1,885,25.8,81.9,-95,4.25,13290,t,2026-09-05 17:57:36.107008+00
5957,2,1398,30.5,69,-60,9.25,20985,t,2026-09-05 17:57:44.011199+00
5958,1,886,25.8,81.9,-95,5,13305,t,2026-09-05 17:57:51.107598+00
5959,2,1399,30.2,69,-60,8.75,21000,t,2026-09-05 17:57:59.062276+00
5960,1,887,25.8,81.9,-95,5.75,13320,t,2026-09-05 17:58:06.230778+00
5961,2,1400,30.6,68,-61,9,21015,t,2026-09-05 17:58:13.912631+00
5962,1,888,25.8,81.9,-95,4.75,13335,t,2026-09-05 17:58:21.109596+00
5963,2,1401,30.1,69,-60,9.25,21030,t,2026-09-05 17:58:29.067193+00
5964,1,889,25.8,81.9,-95,4.5,13350,t,2026-09-05 17:58:36.105827+00
5965,2,1402,30.5,69,-60,9,21045,t,2026-09-05 17:58:43.903367+00
5966,1,890,25.8,81.9,-95,4.75,13365,t,2026-09-05 17:58:51.107056+00
5967,2,1403,30,68,-59,9,21060,t,2026-09-05 17:58:59.172554+00
5968,1,891,25.8,82,-95,5,13380,t,2026-09-05 17:59:06.242941+00
5969,2,1404,30.9,69,-60,9.25,21075,t,2026-09-05 17:59:14.121053+00
5970,1,892,25.8,82,-95,5,13395,t,2026-09-05 17:59:21.453026+00
5971,2,1405,30.9,69,-61,9,21090,t,2026-09-05 17:59:28.90215+00
5972,1,893,25.8,82,-95,4.5,13410,t,2026-09-05 17:59:36.106004+00
5973,2,1406,30.9,69,-60,9.25,21105,t,2026-09-05 17:59:43.900916+00
5974,1,894,25.8,82,-95,4.5,13425,t,2026-09-05 17:59:51.293912+00
5975,1,895,25.8,82,-94,5,13440,t,2026-09-05 18:00:06.103429+00
5976,2,1408,30.3,68,-60,9,21135,t,2026-09-05 18:00:14.03085+00
5977,1,896,25.8,82,-95,4.5,13455,t,2026-09-05 18:00:21.194328+00
5978,2,1409,30,68,-60,9,21150,t,2026-09-05 18:00:28.901022+00
5979,1,897,25.8,82,-96,4.75,13470,t,2026-09-05 18:00:36.350876+00
5980,2,1410,30,69,-60,9,21165,t,2026-09-05 18:00:43.900685+00
5981,1,898,25.8,82,-95,4.5,13485,t,2026-09-05 18:00:51.396469+00
5982,2,1411,30.6,68,-61,9,21180,t,2026-09-05 18:00:58.901007+00
5983,1,899,25.8,82,-94,4.75,13500,t,2026-09-05 18:01:06.251072+00
5984,2,1412,30,68,-60,9.25,21195,t,2026-09-05 18:01:14.232942+00
5985,1,900,25.8,82,-95,4.5,13515,t,2026-09-05 18:01:21.102411+00
5986,2,1413,30,68,-60,9,21210,t,2026-09-05 18:01:28.900032+00
5987,1,901,25.8,82,-95,4.75,13530,t,2026-09-05 18:01:36.253224+00
5988,2,1414,30.9,68,-61,9.25,21225,t,2026-09-05 18:01:43.89839+00
5989,1,902,25.8,82,-95,4.75,13545,t,2026-09-05 18:01:51.100773+00
5990,2,1415,30.9,68,-61,9.25,21240,t,2026-09-05 18:01:58.898959+00
5991,1,903,25.8,82.1,-94,4.5,13560,t,2026-09-05 18:02:06.3576+00
5992,2,1416,30,68,-60,9.5,21255,t,2026-09-05 18:02:14.1073+00
5993,1,904,25.8,82.1,-95,4.5,13575,t,2026-09-05 18:02:21.1002+00
5994,2,1417,30.8,69,-61,9,21270,t,2026-09-05 18:02:29.517935+00
5995,1,905,25.8,82.1,-96,4.75,13590,t,2026-09-05 18:02:36.100332+00
5996,2,1418,30.8,69,-62,9,21285,t,2026-09-05 18:02:44.043481+00
5997,1,906,25.8,82.1,-95,4.5,13605,t,2026-09-05 18:02:51.101629+00
5998,2,1419,30.8,69,-62,8.75,21300,t,2026-09-05 18:03:00.22667+00
5999,1,907,25.6,82.2,-95,4.5,13620,t,2026-09-05 18:03:06.264465+00
6000,2,1420,30.8,69,-61,9.25,21315,t,2026-09-05 18:03:13.897154+00
6001,1,908,25.8,82.1,-95,5,13635,t,2026-09-05 18:03:21.518667+00
6002,2,1421,30.8,69,-60,9.25,21330,t,2026-09-05 18:03:28.896507+00
6003,1,909,25.8,82.1,-94,5.25,13650,t,2026-09-05 18:03:36.09864+00
6004,2,1422,30.8,69,-60,9,21345,t,2026-09-05 18:03:43.95015+00
6005,1,910,25.8,82.1,-94,4.75,13665,t,2026-09-05 18:03:51.100659+00
6006,2,1423,30.8,69,-60,9.5,21360,t,2026-09-05 18:03:59.206475+00
6007,1,911,25.8,82.1,-94,4.75,13680,t,2026-09-05 18:04:06.099984+00
6008,2,1424,30.9,69,-60,9.5,21375,t,2026-09-05 18:04:14.151908+00
6009,1,912,25.8,82.1,-95,4.75,13695,t,2026-09-05 18:04:21.09873+00
6010,2,1425,30,69,-60,9.75,21390,t,2026-09-05 18:04:28.892404+00
6011,1,913,25.8,82.1,-94,5,13710,t,2026-09-05 18:04:36.097513+00
6012,2,1426,30.6,69,-61,10,21405,t,2026-09-05 18:04:43.892654+00
6013,2,1427,30.5,69,-60,9.5,21420,t,2026-09-05 18:04:59.108204+00
6014,1,915,25.8,82.1,-95,5,13740,t,2026-09-05 18:05:06.098368+00
6015,2,1428,30.3,69,-61,9.25,21435,t,2026-09-05 18:05:13.962052+00
6016,1,916,25.8,82,-95,4.5,13755,t,2026-09-05 18:05:21.269278+00
6017,2,1429,30.3,69,-60,9,21450,t,2026-09-05 18:05:28.909949+00
6018,1,917,25.8,82,-94,5,13770,t,2026-09-05 18:05:36.096338+00
6019,2,1430,30.3,69,-60,9.25,21465,t,2026-09-05 18:05:43.891964+00
6020,1,918,25.8,82,-95,4.75,13785,t,2026-09-05 18:05:51.228209+00
6021,2,1431,30.3,69,-60,8.75,21480,t,2026-09-05 18:05:58.912511+00
6022,1,919,25.8,82,-94,4.5,13800,t,2026-09-05 18:06:06.28416+00
6023,2,1432,30.3,69,-63,9.5,21495,t,2026-09-05 18:06:14.170066+00
6024,1,920,25.8,82,-95,5,13815,t,2026-09-05 18:06:21.128133+00
6025,2,1433,30.3,69,-62,9.5,21510,t,2026-09-05 18:06:28.888804+00
6026,1,921,25.8,82,-95,5.25,13830,t,2026-09-05 18:06:36.097142+00
6027,2,1434,30.4,69,-64,9.25,21525,t,2026-09-05 18:06:43.888148+00
6028,1,922,25.8,82,-95,5,13845,t,2026-09-05 18:06:51.095569+00
6029,2,1435,30.4,69,-67,9.25,21540,t,2026-09-05 18:06:58.889913+00
6030,1,923,25.8,82,-95,5,13860,t,2026-09-05 18:07:06.193719+00
6031,2,1436,30.4,69,-67,8.5,21555,t,2026-09-05 18:07:16.633688+00
6032,1,924,25.8,82,-94,5,13875,t,2026-09-05 18:07:21.093928+00
6033,2,1437,30.4,69,-67,8.5,21570,t,2026-09-05 18:07:28.887223+00
6034,1,925,25.9,82,-94,5,13890,t,2026-09-05 18:07:36.290591+00
6035,2,1438,30.4,69,-67,8.75,21585,t,2026-09-05 18:07:43.886928+00
6036,1,926,25.8,82.1,-95,5,13905,t,2026-09-05 18:07:51.449579+00
6037,2,1439,30.4,69,-67,8.25,21600,t,2026-09-05 18:07:58.887004+00
6038,1,927,25.9,82.1,-95,5.25,13920,t,2026-09-05 18:08:06.098918+00
6039,2,1440,30.3,69,-67,8.5,21615,t,2026-09-05 18:08:13.935116+00
6040,1,928,25.8,82.1,-95,5,13935,t,2026-09-05 18:08:21.147457+00
6041,2,1441,30.2,69,-68,8.75,21630,t,2026-09-05 18:08:28.883271+00
6042,1,929,25.8,82.1,-95,5,13950,t,2026-09-05 18:08:36.092326+00
6043,2,1442,30.6,69,-68,8.75,21645,t,2026-09-05 18:08:43.971342+00
6044,1,930,25.8,82.1,-94,5.75,13965,t,2026-09-05 18:08:51.092129+00
6045,2,1443,30.5,69,-68,8.75,21660,t,2026-09-05 18:08:58.883833+00
6046,2,1444,30.9,69,-68,8.75,21675,t,2026-09-05 18:09:13.883864+00
6047,2,1445,30.7,69,-68,9,21690,t,2026-09-05 18:09:28.885291+00
6048,1,933,25.8,82.1,-95,5.25,14010,t,2026-09-05 18:09:43.34033+00
6049,2,1446,30.2,69,-68,8.5,21705,t,2026-09-05 18:09:44.201475+00
6050,2,1447,30.2,69,-69,8.75,21720,t,2026-09-05 18:09:58.900785+00
6051,1,935,25.8,82,-95,5,14040,t,2026-09-05 18:10:06.091534+00
6052,1,936,25.8,82.1,-95,4.75,14055,t,2026-09-05 18:10:21.216296+00
6053,2,1449,30.4,69,-67,9,21750,t,2026-09-05 18:10:28.882946+00
6054,1,937,25.8,82.1,-94,5.5,14070,t,2026-09-05 18:10:36.088414+00
6055,2,1450,30.7,69,-68,8.75,21765,t,2026-09-05 18:10:43.884978+00
6056,1,938,25.8,82.1,-94,5,14085,t,2026-09-05 18:10:51.089665+00
6057,2,1451,30.6,69,-68,8.75,21780,t,2026-09-05 18:10:58.908503+00
6058,1,939,25.8,82.1,-94,5,14100,t,2026-09-05 18:11:06.089918+00
6059,2,1452,30.8,69,-68,8.5,21795,t,2026-09-05 18:11:13.881717+00
6060,1,940,25.8,82.1,-95,4.75,14115,t,2026-09-05 18:11:21.088262+00
6061,1,941,25.8,82.1,-94,5.5,14130,t,2026-09-05 18:11:36.087346+00
6062,2,1454,30.3,69,-69,8.5,21825,t,2026-09-05 18:11:43.879639+00
6063,1,942,25.8,82.1,-94,5,14145,t,2026-09-05 18:11:51.091602+00
6064,2,1455,30.5,69,-68,8.75,21840,t,2026-09-05 18:11:58.877485+00
6065,1,943,25.8,81.9,-94,5,14160,t,2026-09-05 18:12:06.211623+00
6066,2,1456,30.4,69,-68,8.75,21855,t,2026-09-05 18:12:13.879895+00
6067,1,944,25.8,82.1,-95,5,14175,t,2026-09-05 18:12:21.088149+00
6068,2,1457,30.6,69,-68,8.5,21870,t,2026-09-05 18:12:28.880014+00
6069,1,945,25.8,82.1,-94,5,14190,t,2026-09-05 18:12:36.087188+00
6070,2,1458,30.7,69,-68,8.75,21885,t,2026-09-05 18:12:43.877851+00
6071,1,946,25.8,82.1,-94,5,14205,t,2026-09-05 18:12:51.088552+00
6072,2,1459,30.5,69,-68,8.5,21900,t,2026-09-05 18:12:58.8793+00
6073,1,947,25.8,82.1,-94,5.5,14220,t,2026-09-05 18:13:06.33775+00
6074,2,1460,30.4,69,-68,8.75,21915,t,2026-09-05 18:13:15.138452+00
6075,1,948,25.8,82.4,-95,5.25,14235,t,2026-09-05 18:13:21.284671+00
6076,2,1461,30.5,69,-67,8.5,21930,t,2026-09-05 18:13:29.012178+00
6077,1,949,25.8,82.1,-95,5,14250,t,2026-09-05 18:13:36.084494+00
6078,2,1462,30.4,69,-66,9,21945,t,2026-09-05 18:13:43.876283+00
6079,2,1463,30.5,69,-67,8.75,21960,t,2026-09-05 18:14:00.712379+00
6080,1,951,25.8,82.1,-94,5,14280,t,2026-09-05 18:14:06.444734+00
6081,2,1464,30.3,69,-68,8.25,21975,t,2026-09-05 18:14:14.019092+00
6082,1,952,25.8,82.1,-94,5.25,14295,t,2026-09-05 18:14:21.493842+00
6083,2,1465,30.4,69,-64,9,21990,t,2026-09-05 18:14:30.712809+00
6084,2,1466,30.6,69,-64,9.25,22005,t,2026-09-05 18:14:43.873714+00
6085,1,954,25.8,82.1,-94,5.5,14325,t,2026-09-05 18:14:51.082931+00
6086,2,1467,30.8,69,-64,9,22020,t,2026-09-05 18:14:59.498269+00
6087,1,955,25.8,82.1,-94,5.25,14340,t,2026-09-05 18:15:06.082482+00
6088,2,1468,30,69,-64,8.75,22035,t,2026-09-05 18:15:13.979825+00
6089,1,956,25.8,82.1,-95,5,14355,t,2026-09-05 18:15:21.263433+00
6090,2,1469,30,69,-64,8.75,22050,t,2026-09-05 18:15:28.871959+00
6091,1,957,25.8,82.1,-95,5.25,14370,t,2026-09-05 18:15:36.08851+00
6092,2,1470,30.6,69,-64,9,22065,t,2026-09-05 18:15:43.873494+00
6093,1,958,25.8,82.1,-94,5.25,14385,t,2026-09-05 18:15:51.080927+00
6094,2,1471,30.8,69,-64,8.75,22080,t,2026-09-05 18:15:58.87902+00
6095,1,959,25.8,82.1,-94,5,14400,t,2026-09-05 18:16:06.559788+00
6096,2,1472,30.9,69,-63,9.25,22095,t,2026-09-05 18:16:13.872638+00
6097,1,960,25.8,82.1,-95,5,14415,t,2026-09-05 18:16:21.081821+00
6098,2,1473,30.1,69,-62,9.25,22110,t,2026-09-05 18:16:28.87169+00
6099,1,961,25.8,82.1,-94,5,14430,t,2026-09-05 18:16:36.081051+00
6100,2,1474,30.1,69,-62,8.75,22125,t,2026-09-05 18:16:44.354589+00
6101,1,962,25.8,82.1,-95,5.25,14445,t,2026-09-05 18:16:51.405397+00
6102,2,1475,30.2,69,-63,8.75,22140,t,2026-09-05 18:16:59.192181+00
6103,1,963,25.8,82.1,-95,5,14460,t,2026-09-05 18:17:06.081138+00
6104,2,1476,30.9,69,-63,9,22155,t,2026-09-05 18:17:13.871167+00
6105,1,964,25.8,82.1,-94,5.25,14475,t,2026-09-05 18:17:21.079611+00
6106,2,1477,30,69,-63,9.25,22170,t,2026-09-05 18:17:28.869131+00
6107,1,965,25.8,82.1,-94,5.25,14490,t,2026-09-05 18:17:36.079189+00
6108,2,1478,30.7,69,-60,9.25,22185,t,2026-09-05 18:17:43.87007+00
6109,1,966,25.8,82,-95,5,14505,t,2026-09-05 18:17:51.079686+00
6110,2,1479,30.6,69,-61,9.5,22200,t,2026-09-05 18:17:58.870743+00
6111,1,967,25.8,82.1,-94,5.25,14520,t,2026-09-05 18:18:06.469668+00
6112,2,1480,30.7,69,-60,9.75,22215,t,2026-09-05 18:18:13.876302+00
6113,1,968,25.8,82.1,-95,5.25,14535,t,2026-09-05 18:18:21.079845+00
6114,1,969,25.9,82.1,-93,5.25,14550,t,2026-09-05 18:18:36.079012+00
6115,2,1482,30.7,69,-60,8.5,22245,t,2026-09-05 18:18:44.355045+00
6116,2,1483,30.5,69,-60,9.25,22260,t,2026-09-05 18:18:58.86629+00
6117,1,971,25.8,82,-94,5.25,14580,t,2026-09-05 18:19:06.07956+00
6118,2,1484,30.6,69,-60,9.25,22275,t,2026-09-05 18:19:14.045931+00
6119,1,973,25.8,82.1,-94,4.75,14610,t,2026-09-05 18:19:36.481925+00
6120,2,1486,30.3,69,-62,9,22305,t,2026-09-05 18:19:43.865124+00
6121,1,974,25.8,82.1,-94,5,14625,t,2026-09-05 18:19:51.482891+00
6122,1,975,25.8,82.1,-93,5.5,14640,t,2026-09-05 18:20:06.544685+00
6123,2,1488,30.1,69,-61,9.25,22335,t,2026-09-05 18:20:14.269423+00
6124,1,976,25.8,82.1,-94,5.25,14655,t,2026-09-05 18:20:21.28615+00
6125,2,1489,30.2,69,-60,9.25,22350,t,2026-09-05 18:20:28.892693+00
6126,1,977,25.8,82.1,-94,5.5,14670,t,2026-09-05 18:20:36.074275+00
6127,2,1490,30.8,69,-60,9,22365,t,2026-09-05 18:20:43.894991+00
6128,1,978,25.8,82.1,-94,5.25,14685,t,2026-09-05 18:20:51.082222+00
6129,2,1491,30.7,69,-59,9,22380,t,2026-09-05 18:20:58.891848+00
6130,1,979,25.8,82.1,-95,5,14700,t,2026-09-05 18:21:06.10867+00
6131,2,1492,30.3,69,-59,9,22395,t,2026-09-05 18:21:14.171211+00
6132,1,980,25.8,82.1,-94,5,14715,t,2026-09-05 18:21:21.074285+00
6133,2,1493,30.2,69,-59,9,22410,t,2026-09-05 18:21:28.892942+00
6134,1,981,25.8,82.1,-95,5.25,14730,t,2026-09-05 18:21:36.411455+00
6135,2,1494,30.9,69,-59,9,22425,t,2026-09-05 18:21:43.891396+00
6136,1,982,25.9,82.1,-95,4.5,14745,t,2026-09-05 18:21:51.080238+00
6137,2,1495,30.7,69,-60,8.75,22440,t,2026-09-05 18:21:58.890036+00
6138,1,983,25.8,82.1,-95,4.75,14760,t,2026-09-05 18:22:06.073664+00
6139,2,1496,30.4,69,-60,8.75,22455,t,2026-09-05 18:22:14.073397+00
6140,1,984,25.8,82.1,-94,5.25,14775,t,2026-09-05 18:22:21.242022+00
6141,2,1497,30.3,69,-60,8.75,22470,t,2026-09-05 18:22:29.327112+00
6142,1,985,25.8,82.1,-94,5,14790,t,2026-09-05 18:22:36.071608+00
6143,2,1498,30.3,69,-60,8.75,22485,t,2026-09-05 18:22:44.069896+00
6144,1,986,25.8,82.1,-95,4.75,14805,t,2026-09-05 18:22:51.351056+00
6145,2,1499,30.4,69,-60,9,22500,t,2026-09-05 18:22:59.23091+00
6146,1,987,25.8,82.1,-94,5.25,14820,t,2026-09-05 18:23:06.072257+00
6147,2,1500,30.5,69,-59,9,22515,t,2026-09-05 18:23:14.182922+00
6148,1,988,25.8,82.1,-95,4.75,14835,t,2026-09-05 18:23:21.073021+00
6149,2,1501,30.2,69,-59,8.75,22530,t,2026-09-05 18:23:28.887663+00
6150,1,989,25.8,82.1,-95,4.75,14850,t,2026-09-05 18:23:36.2006+00
6151,2,1502,30.9,69,-59,9.5,22545,t,2026-09-05 18:23:43.886393+00
6152,1,990,25.8,82.1,-95,4.75,14865,t,2026-09-05 18:23:51.070604+00
6153,2,1503,30.9,69,-60,9.25,22560,t,2026-09-05 18:23:58.886149+00
6154,2,1504,30.9,69,-60,9,22575,t,2026-09-05 18:24:13.886994+00
6155,1,992,25.8,82.1,-94,4.75,14895,t,2026-09-05 18:24:21.070775+00
6156,2,1505,30.9,69,-60,9.5,22590,t,2026-09-05 18:24:28.888634+00
6157,1,993,25.8,82.1,-95,5,14910,t,2026-09-05 18:24:36.278038+00
6158,2,1506,30.9,69,-60,9.5,22605,t,2026-09-05 18:24:44.090343+00
6159,1,994,25.8,82.1,-95,4.75,14925,t,2026-09-05 18:24:51.215876+00
6160,2,1507,30.9,69,-61,9.5,22620,t,2026-09-05 18:24:58.883469+00
6161,2,1508,30.8,69,-61,9.25,22635,t,2026-09-05 18:25:13.885551+00
6162,1,996,25.8,82.1,-95,5,14955,t,2026-09-05 18:25:21.582744+00
6163,2,1509,30.9,69,-61,8.75,22650,t,2026-09-05 18:25:29.251614+00
6164,1,997,25.8,82.1,-94,5,14970,t,2026-09-05 18:25:36.104694+00
6165,2,1510,30.9,69,-60,9.75,22665,t,2026-09-05 18:25:43.882504+00
6166,1,998,25.8,82,-94,4.75,14985,t,2026-09-05 18:25:51.163107+00
6167,2,1511,30.9,69,-60,10,22680,t,2026-09-05 18:25:58.883132+00
6168,1,999,25.8,82,-94,5,15000,t,2026-09-05 18:26:06.319858+00
6169,2,1512,30,69,-61,9,22695,t,2026-09-05 18:26:13.88497+00
6170,1,1000,25.8,82.1,-95,5,15015,t,2026-09-05 18:26:21.067589+00
6171,2,1513,30,69,-61,9,22710,t,2026-09-05 18:26:28.880458+00
6172,2,1514,30,69,-61,9,22725,t,2026-09-05 18:26:43.893313+00
6173,1,1002,25.8,82,-95,4.75,15045,t,2026-09-05 18:26:51.172998+00
6174,2,1515,30.9,69,-61,8.75,22740,t,2026-09-05 18:26:58.881391+00
6175,1,1003,25.8,81.9,-94,5.75,15060,t,2026-09-05 18:27:06.066886+00
6176,2,1516,30,69,-62,9.5,22755,t,2026-09-05 18:27:14.078061+00
6177,1,1004,25.8,82,-94,5.25,15075,t,2026-09-05 18:27:21.066994+00
6178,2,1517,30.2,69,-61,9,22770,t,2026-09-05 18:27:28.880501+00
6179,1,1005,25.8,82.1,-94,4.75,15090,t,2026-09-05 18:27:36.394814+00
6180,2,1518,30.2,69,-61,9,22785,t,2026-09-05 18:27:43.905626+00
6181,1,1006,25.8,82.1,-94,5.75,15105,t,2026-09-05 18:27:51.066303+00
6182,2,1519,30,69,-60,9,22800,t,2026-09-05 18:27:58.877661+00
6183,1,1007,25.8,82.1,-94,5.75,15120,t,2026-09-05 18:28:06.064911+00
6184,2,1520,30.1,69,-61,9.25,22815,t,2026-09-05 18:28:13.878594+00
6185,1,1008,25.8,82.1,-94,5.5,15135,t,2026-09-05 18:28:21.065125+00
6186,2,1521,30.1,69,-61,9,22830,t,2026-09-05 18:28:28.87874+00
6187,1,1009,25.8,82.1,-93,5.75,15150,t,2026-09-05 18:28:36.064346+00
6188,2,1522,30.3,69,-62,9,22845,t,2026-09-05 18:28:43.880109+00
6189,1,1010,25.8,82.2,-93,5.5,15165,t,2026-09-05 18:28:51.064391+00
6190,1,1011,25.8,82.1,-93,5.75,15180,t,2026-09-05 18:29:06.062361+00
6191,2,1524,30.2,69,-62,9.25,22875,t,2026-09-05 18:29:13.87739+00
6192,1,1012,25.8,82.1,-93,5.5,15195,t,2026-09-05 18:29:21.06355+00
6193,2,1525,30.9,69,-61,8.75,22890,t,2026-09-05 18:29:28.879084+00
6194,1,1013,25.8,82.1,-94,6.75,15210,t,2026-09-05 18:29:36.0633+00
6195,2,1526,30.9,69,-61,9.25,22905,t,2026-09-05 18:29:43.878354+00
6196,2,1527,30.8,69,-61,8.75,22920,t,2026-09-05 18:29:58.875094+00
6197,1,1015,25.8,82.1,-94,5.25,15240,t,2026-09-05 18:30:06.243249+00
6198,1,1016,25.8,82.2,-93,5,15255,t,2026-09-05 18:30:21.451471+00
6199,2,1529,30.3,69,-61,9.25,22950,t,2026-09-05 18:30:28.877831+00
6200,2,1530,30.1,69,-61,9,22965,t,2026-09-05 18:30:43.925969+00
6201,1,1018,25.6,82.3,-93,5.5,15285,t,2026-09-05 18:30:51.094877+00
6202,2,1531,30.5,69,-61,9.75,22980,t,2026-09-05 18:30:58.874588+00
6203,1,1019,25.8,82.1,-94,5.25,15300,t,2026-09-05 18:31:06.062113+00
6204,2,1532,30,69,-61,9,22995,t,2026-09-05 18:31:14.032246+00
6205,1,1020,25.8,82.2,-94,5.25,15315,t,2026-09-05 18:31:21.061313+00
6206,2,1533,30.5,69,-60,9.25,23010,t,2026-09-05 18:31:28.876494+00
6207,2,1534,30.2,69,-61,9,23025,t,2026-09-05 18:31:43.873313+00
6208,1,1022,25.8,82.2,-94,5.75,15345,t,2026-09-05 18:31:51.061205+00
6209,2,1535,30,69,-60,8.75,23040,t,2026-09-05 18:31:58.871515+00
6210,1,1023,25.8,82.1,-94,5.25,15360,t,2026-09-05 18:32:06.461445+00
6211,2,1536,30.2,69,-60,9,23055,t,2026-09-05 18:32:13.872171+00
6212,1,1024,25.8,82.1,-93,5.5,15375,t,2026-09-05 18:32:21.207432+00
6213,2,1537,30.9,69,-61,9.75,23070,t,2026-09-05 18:32:28.872467+00
6214,1,1025,25.8,82.1,-93,5.5,15390,t,2026-09-05 18:32:36.059018+00
6215,2,1538,30.1,69,-61,9,23085,t,2026-09-05 18:32:44.145777+00
6216,1,1026,25.8,82.2,-94,5.25,15405,t,2026-09-05 18:32:51.057371+00
6217,2,1539,30.4,69,-61,9,23100,t,2026-09-05 18:32:58.871327+00
6218,1,1027,25.8,82.2,-94,5.25,15420,t,2026-09-05 18:33:06.059072+00
6219,2,1540,30.3,69,-61,9,23115,t,2026-09-05 18:33:13.90897+00
6220,1,1028,25.8,81.9,-95,5.25,15435,t,2026-09-05 18:33:21.057931+00
6221,2,1541,30.3,69,-60,9.25,23130,t,2026-09-05 18:33:28.871811+00
6222,1,1029,25.8,82.2,-94,5.25,15450,t,2026-09-05 18:33:36.061647+00
6223,2,1542,30.3,69,-62,8.75,23145,t,2026-09-05 18:33:43.869115+00
6224,1,1030,25.8,82.3,-95,5,15465,t,2026-09-05 18:33:51.318574+00
6225,2,1543,30.4,69,-61,9.5,23160,t,2026-09-05 18:33:58.867821+00
6226,2,1544,30.5,69,-60,8.75,23175,t,2026-09-05 18:34:13.868+00
6227,1,1032,25.8,82.2,-94,4.75,15495,t,2026-09-05 18:34:21.056079+00
6228,2,1545,30.1,69,-60,9,23190,t,2026-09-05 18:34:29.367877+00
6229,2,1546,30.6,69,-61,9,23205,t,2026-09-05 18:34:43.867297+00
6230,1,1034,25.8,82.2,-94,5,15525,t,2026-09-05 18:34:53.228607+00
6231,2,1547,30.5,69,-61,9,23220,t,2026-09-05 18:34:58.868316+00
6232,1,1035,25.8,82.2,-94,5,15540,t,2026-09-05 18:35:06.05535+00
6233,2,1548,30.1,69,-61,9.25,23235,t,2026-09-05 18:35:14.220838+00
6234,2,1549,30.6,69,-61,9.75,23250,t,2026-09-05 18:35:28.865429+00
6235,1,1037,25.8,82.2,-95,4.75,15570,t,2026-09-05 18:35:36.056802+00
6236,2,1550,30.4,69,-62,9,23265,t,2026-09-05 18:35:43.872182+00
6237,1,1038,25.8,82.2,-95,4.75,15585,t,2026-09-05 18:35:51.053543+00
6238,2,1551,30.4,69,-61,9,23280,t,2026-09-05 18:35:59.108472+00
6239,2,1552,30.3,69,-61,9.25,23295,t,2026-09-05 18:36:14.073348+00
6240,2,1553,30.1,69,-61,9,23310,t,2026-09-05 18:36:28.864217+00
6241,1,1041,25.8,82.1,-94,5.25,15630,t,2026-09-05 18:36:36.053665+00
6242,2,1554,30.3,69,-69,10,23325,t,2026-09-05 18:36:44.068868+00
6243,1,1042,25.8,82.1,-94,5.25,15645,t,2026-09-05 18:36:51.052256+00
6244,2,1555,30.3,69,-64,9.5,23340,t,2026-09-05 18:36:58.864152+00
6245,1,1043,25.8,82.1,-94,5.5,15660,t,2026-09-05 18:37:06.062805+00
6246,2,1556,30.2,69,-66,9,23355,t,2026-09-05 18:37:13.862063+00
6247,1,1044,25.8,82.2,-93,5.75,15675,t,2026-09-05 18:37:21.052267+00
6248,2,1557,30.8,69,-67,9.25,23370,t,2026-09-05 18:37:28.860944+00
6249,1,1045,25.8,82.2,-93,6.25,15690,t,2026-09-05 18:37:36.052432+00
6250,2,1558,30.8,69,-70,9,23385,t,2026-09-05 18:37:43.868254+00
6251,1,1046,25.8,82.2,-93,6.25,15705,t,2026-09-05 18:37:51.409931+00
6252,2,1559,30.5,69,-70,8,23400,t,2026-09-05 18:37:58.868757+00
6253,2,1560,30.8,69,-69,8.25,23415,t,2026-09-05 18:38:14.182734+00
6254,1,1048,25.8,82.3,-93,6,15735,t,2026-09-05 18:38:21.050374+00
6255,2,1561,30.8,69,-69,9,23430,t,2026-09-05 18:38:28.860736+00
6256,1,1049,25.8,82.3,-93,6,15750,t,2026-09-05 18:38:36.356914+00
6257,2,1562,30.5,69,-68,9,23445,t,2026-09-05 18:38:43.860186+00
6258,1,1050,25.8,82.3,-93,5.5,15765,t,2026-09-05 18:38:51.052779+00
6259,2,1563,30.2,69,-60,9.75,23460,t,2026-09-05 18:38:58.85887+00
6260,1,1051,25.8,82.3,-94,5.5,15780,t,2026-09-05 18:39:06.101969+00
6261,1,1052,25.8,82.3,-94,5.25,15795,t,2026-09-05 18:39:21.405784+00
6262,2,1565,30.9,69,-60,9,23490,t,2026-09-05 18:39:28.97654+00
6263,2,1566,30,69,-60,8.75,23505,t,2026-09-05 18:39:43.86533+00
6264,1,1054,25.8,82.4,-94,5.5,15825,t,2026-09-05 18:39:51.053594+00
6265,2,1567,30.5,69,-60,8.75,23520,t,2026-09-05 18:39:58.867697+00
6266,1,1055,25.8,82.3,-94,5.75,15840,t,2026-09-05 18:40:06.119457+00
6267,2,1568,30,69,-61,9,23535,t,2026-09-05 18:40:13.86538+00
6268,1,1056,25.8,82.3,-94,5.5,15855,t,2026-09-05 18:40:21.31852+00
6269,2,1569,30.5,69,-61,9.25,23550,t,2026-09-05 18:40:29.309456+00
6270,1,1057,25.8,82.4,-94,5.75,15870,t,2026-09-05 18:40:36.418095+00
6271,2,1570,30.2,69,-61,8.75,23565,t,2026-09-05 18:40:43.892891+00
6272,1,1058,25.8,82.3,-95,5.25,15885,t,2026-09-05 18:40:51.366968+00
6273,2,1571,30,69,-61,9,23580,t,2026-09-05 18:40:59.34683+00
6274,1,1059,25.8,82.3,-94,4.75,15900,t,2026-09-05 18:41:06.048663+00
6275,2,1572,30.7,69,-61,9.5,23595,t,2026-09-05 18:41:14.83394+00
6276,1,1060,25.8,82.3,-95,5.5,15915,t,2026-09-05 18:41:21.045018+00
6277,2,1573,30.5,69,-62,9.25,23610,t,2026-09-05 18:41:28.861513+00
6278,1,1061,25.8,82.3,-93,5.5,15930,t,2026-09-05 18:41:36.047746+00
6279,2,1574,30.6,69,-62,9.25,23625,t,2026-09-05 18:41:43.862728+00
6280,1,1062,25.8,82.3,-94,5.25,15945,t,2026-09-05 18:41:51.045513+00
6281,2,1575,30.4,69,-61,8.75,23640,t,2026-09-05 18:41:58.860833+00
6282,1,1063,25.8,82.3,-95,5.5,15960,t,2026-09-05 18:42:06.046637+00
6283,2,1576,30.2,69,-61,9.25,23655,t,2026-09-05 18:42:13.86017+00
6284,1,1064,25.8,82.3,-95,5.25,15975,t,2026-09-05 18:42:21.378114+00
6285,2,1577,30,69,-60,9.5,23670,t,2026-09-05 18:42:28.866877+00
6286,1,1065,25.8,82.3,-95,5.25,15990,t,2026-09-05 18:42:36.045187+00
6287,2,1578,30,69,-61,8.75,23685,t,2026-09-05 18:42:44.01248+00
6288,1,1066,25.8,82.2,-94,5.25,16005,t,2026-09-05 18:42:51.072466+00
6289,2,1579,30.7,69,-61,8.75,23700,t,2026-09-05 18:42:58.85948+00
6290,1,1067,25.8,82.3,-94,5.25,16020,t,2026-09-05 18:43:06.043753+00
6291,2,1580,30.5,69,-60,9.5,23715,t,2026-09-05 18:43:14.014959+00
6292,1,1068,25.8,82.3,-95,5,16035,t,2026-09-05 18:43:21.042687+00
6293,2,1581,30.2,69,-60,9,23730,t,2026-09-05 18:43:29.846762+00
6294,1,1069,25.8,82.3,-95,5,16050,t,2026-09-05 18:43:36.045392+00
6295,2,1582,30.7,68,-60,9.5,23745,t,2026-09-05 18:43:43.857825+00
6296,1,1070,25.6,82.5,-95,5.25,16065,t,2026-09-05 18:43:51.288252+00
6297,2,1583,30.8,69,-61,8.75,23760,t,2026-09-05 18:43:58.965935+00
6298,1,1071,25.8,82.4,-95,5.5,16080,t,2026-09-05 18:44:06.044146+00
6299,2,1584,30.9,69,-64,8.75,23775,t,2026-09-05 18:44:13.856699+00
6300,2,1585,30.2,68,-62,9.5,23790,t,2026-09-05 18:44:28.855249+00
6301,2,1586,30.4,68,-63,9,23805,t,2026-09-05 18:44:43.862182+00
6302,1,1075,25.8,82.4,-95,5.5,16140,t,2026-09-05 18:45:06.073423+00
6303,2,1588,30.3,68,-63,9,23835,t,2026-09-05 18:45:13.855487+00
6304,1,1076,25.8,82.4,-94,5.5,16155,t,2026-09-05 18:45:21.076622+00
6305,2,1589,30.2,68,-61,8.75,23850,t,2026-09-05 18:45:28.857027+00
6306,1,1077,25.8,82.4,-94,5.5,16170,t,2026-09-05 18:45:36.075498+00
6307,2,1590,30.5,68,-63,9.75,23865,t,2026-09-05 18:45:43.853199+00
6308,1,1078,25.8,82.4,-94,5.5,16185,t,2026-09-05 18:45:51.725777+00
6309,2,1591,30.7,68,-62,9.25,23880,t,2026-09-05 18:45:58.991257+00
6310,1,1079,25.8,82.4,-94,5.75,16200,t,2026-09-05 18:46:06.075314+00
6311,2,1592,30.9,68,-62,9,23895,t,2026-09-05 18:46:13.854815+00
6312,1,1080,25.8,82.4,-94,5.5,16215,t,2026-09-05 18:46:21.072529+00
6313,1,1081,25.8,82.4,-94,5.75,16230,t,2026-09-05 18:46:36.190808+00
6314,2,1594,30.4,68,-61,9.75,23925,t,2026-09-05 18:46:43.853583+00
6315,1,1082,25.8,82.4,-94,6,16245,t,2026-09-05 18:46:51.103641+00
6316,2,1595,30.6,68,-67,9.5,23940,t,2026-09-05 18:46:58.850187+00
6317,1,1083,25.8,82.4,-94,5.5,16260,t,2026-09-05 18:47:06.173139+00
6318,2,1596,30.7,68,-67,9,23955,t,2026-09-05 18:47:13.851894+00
6319,1,1084,25.8,82.4,-94,5.25,16275,t,2026-09-05 18:47:21.077101+00
6320,2,1597,30.8,68,-70,8.75,23970,t,2026-09-05 18:47:29.1146+00
6321,1,1085,25.8,82.3,-94,5.25,16290,t,2026-09-05 18:47:36.080808+00
6322,2,1598,30.4,68,-74,8.5,23985,t,2026-09-05 18:47:46.090711+00
6323,1,1086,25.8,82.4,-95,5.5,16305,t,2026-09-05 18:47:51.074682+00
6324,2,1599,30.9,68,-64,8.5,24000,t,2026-09-05 18:47:58.848959+00
6325,1,1087,25.8,82.3,-94,5,16320,t,2026-09-05 18:48:06.073342+00
6326,2,1600,30.1,68,-64,9.25,24015,t,2026-09-05 18:48:13.851174+00
6327,2,1601,30.3,68,-65,9,24030,t,2026-09-05 18:48:28.848693+00
6328,1,1090,25.8,82.3,-93,5.5,16365,t,2026-09-05 18:48:51.218786+00
6329,2,1603,30.8,68,-64,8.75,24060,t,2026-09-05 18:48:58.847681+00
6330,1,1091,25.8,82.3,-94,5.75,16380,t,2026-09-05 18:49:06.069807+00
6331,2,1604,30.5,68,-64,9.75,24075,t,2026-09-05 18:49:13.84824+00
6332,1,1092,25.8,82.3,-95,5.5,16395,t,2026-09-05 18:49:21.071184+00
6333,2,1605,30.8,68,-64,8.75,24090,t,2026-09-05 18:49:28.847689+00
6334,1,1093,25.8,82.3,-94,5.25,16410,t,2026-09-05 18:49:36.333814+00
6335,2,1606,30.5,68,-66,8.5,24105,t,2026-09-05 18:49:43.848197+00
6336,1,1094,25.8,82.4,-94,5,16425,t,2026-09-05 18:49:54.949531+00
6337,2,1607,30.9,68,-63,9,24120,t,2026-09-05 18:49:58.846628+00
6338,2,1608,30.2,68,-63,9.5,24135,t,2026-09-05 18:50:13.845466+00
6339,1,1096,25.8,82.3,-95,5.5,16455,t,2026-09-05 18:50:21.069574+00
6340,2,1609,30.2,68,-64,9.25,24150,t,2026-09-05 18:50:28.844921+00
6341,1,1097,25.6,82.4,-94,5.25,16470,t,2026-09-05 18:50:36.068354+00
6342,2,1610,30.3,68,-64,11.25,24165,t,2026-09-05 18:50:44.169191+00
6343,1,1098,25.8,82.3,-94,5.5,16485,t,2026-09-05 18:50:51.367286+00
6344,2,1611,30.4,68,-65,8.5,24180,t,2026-09-05 18:50:59.11574+00
6345,1,1099,25.8,82.3,-94,5.25,16500,t,2026-09-05 18:51:06.079339+00
6346,2,1612,30.3,68,-65,8.5,24195,t,2026-09-05 18:51:13.84389+00
6347,1,1100,25.8,82.3,-94,5.25,16515,t,2026-09-05 18:51:21.067984+00
6348,2,1613,30.7,68,-66,8.5,24210,t,2026-09-05 18:51:28.844308+00
6349,1,1101,25.8,82.3,-94,5.5,16530,t,2026-09-05 18:51:36.065191+00
6350,1,1102,25.8,82.2,-95,5.25,16545,t,2026-09-05 18:51:51.335054+00
6351,2,1615,30.5,68,-66,9,24240,t,2026-09-05 18:51:58.917045+00
6352,1,1103,25.8,82.3,-94,5.75,16560,t,2026-09-05 18:52:06.360146+00
6353,2,1616,30.7,68,-66,8.5,24255,t,2026-09-05 18:52:13.870564+00
6354,1,1104,25.8,82.3,-94,5.25,16575,t,2026-09-05 18:52:21.066642+00
6355,2,1617,30,68,-64,9.25,24270,t,2026-09-05 18:52:28.842232+00
6356,1,1105,25.8,82.3,-94,5.5,16590,t,2026-09-05 18:52:36.064955+00
6357,2,1618,30.2,68,-64,9,24285,t,2026-09-05 18:52:43.840178+00
6358,1,1106,25.8,82.3,-94,5.5,16605,t,2026-09-05 18:52:51.066102+00
6359,2,1619,30.9,67,-64,9.25,24300,t,2026-09-05 18:52:58.926529+00
6360,1,1107,25.8,82.3,-94,5.25,16620,t,2026-09-05 18:53:06.092977+00
6361,2,1620,30.1,68,-67,9,24315,t,2026-09-05 18:53:14.898707+00
6362,1,1108,25.8,82.3,-94,5.25,16635,t,2026-09-05 18:53:21.063676+00
6363,2,1621,30,68,-68,8.75,24330,t,2026-09-05 18:53:28.837597+00
6364,1,1109,25.8,82.3,-93,5.25,16650,t,2026-09-05 18:53:36.300376+00
6365,2,1622,30.2,68,-68,8.75,24345,t,2026-09-05 18:53:43.985261+00
6366,1,1110,25.8,82.3,-95,5.5,16665,t,2026-09-05 18:53:51.063417+00
6367,2,1623,30.4,68,-69,8.25,24360,t,2026-09-05 18:53:58.838282+00
6368,1,1111,25.8,82.2,-94,5.75,16680,t,2026-09-05 18:54:06.088553+00
6369,2,1624,30.1,68,-68,8.75,24375,t,2026-09-05 18:54:15.150079+00
6370,1,1112,25.8,82.3,-94,5.5,16695,t,2026-09-05 18:54:21.063374+00
6371,2,1625,30.4,68,-69,8.5,24390,t,2026-09-05 18:54:29.232586+00
6372,1,1113,25.8,82.2,-94,5.5,16710,t,2026-09-05 18:54:36.062923+00
6373,2,1626,30.2,68,-59,9.75,24405,t,2026-09-05 18:54:43.836779+00
6374,1,1114,25.9,82.3,-94,5.75,16725,t,2026-09-05 18:54:51.065985+00
6375,2,1627,30.7,67,-65,8.75,24420,t,2026-09-05 18:54:58.838225+00
6376,1,1115,25.8,82.3,-94,5.75,16740,t,2026-09-05 18:55:06.090733+00
6377,1,1116,25.8,82.3,-93,5.75,16755,t,2026-09-05 18:55:21.089175+00
6378,2,1629,30.2,68,-65,9,24450,t,2026-09-05 18:55:28.839342+00
6379,1,1117,25.8,82.3,-94,5.5,16770,t,2026-09-05 18:55:36.091642+00
6380,2,1630,30.6,68,-65,9,24465,t,2026-09-05 18:55:43.83502+00
6381,1,1118,25.8,82.3,-93,5,16785,t,2026-09-05 18:55:51.366421+00
6382,2,1631,30.3,68,-65,9,24480,t,2026-09-05 18:55:58.842581+00
6383,1,1119,25.8,82.3,-94,5.5,16800,t,2026-09-05 18:56:06.088805+00
6384,2,1632,30.2,68,-65,9,24495,t,2026-09-05 18:56:13.836016+00
6385,1,1120,25.8,82.3,-93,6,16815,t,2026-09-05 18:56:21.372102+00
6386,2,1633,30.7,68,-65,9,24510,t,2026-09-05 18:56:28.834619+00
6387,1,1121,25.8,82.3,-94,5.5,16830,t,2026-09-05 18:56:36.115701+00
6388,2,1634,30.1,67,-65,9,24525,t,2026-09-05 18:56:43.832457+00
6389,1,1122,25.8,82.3,-93,5.75,16845,t,2026-09-05 18:56:51.087852+00
6390,2,1635,30.4,67,-65,9,24540,t,2026-09-05 18:56:58.83767+00
6391,1,1123,25.8,82.3,-94,5.75,16860,t,2026-09-05 18:57:06.08679+00
6392,2,1636,30.4,67,-65,8.75,24555,t,2026-09-05 18:57:13.832348+00
6393,1,1124,25.8,82.4,-93,5.5,16875,t,2026-09-05 18:57:21.278525+00
6394,2,1637,30,67,-66,9,24570,t,2026-09-05 18:57:29.059188+00
6395,1,1125,25.8,82.4,-94,5.75,16890,t,2026-09-05 18:57:36.088114+00
6396,2,1638,30.8,67,-65,9.5,24585,t,2026-09-05 18:57:43.832492+00
6397,1,1126,25.8,82.4,-93,5.25,16905,t,2026-09-05 18:57:51.086656+00
6398,2,1639,30.6,67,-64,9.25,24600,t,2026-09-05 18:57:58.83107+00
6399,1,1127,25.8,82.4,-93,5.75,16920,t,2026-09-05 18:58:06.085055+00
6400,2,1640,30.6,67,-65,9.25,24615,t,2026-09-05 18:58:14.119249+00
6401,1,1128,25.8,82.4,-94,5.5,16935,t,2026-09-05 18:58:21.086585+00
6402,2,1641,30.9,67,-64,9,24630,t,2026-09-05 18:58:28.85934+00
6403,1,1129,25.7,82.5,-93,5.5,16950,t,2026-09-05 18:58:36.084285+00
6404,2,1642,30.4,67,-65,9,24645,t,2026-09-05 18:58:43.83079+00
6405,1,1130,25.7,82.5,-94,5.5,16965,t,2026-09-05 18:58:51.091262+00
6406,2,1643,30.5,67,-65,9.5,24660,t,2026-09-05 18:58:58.837981+00
6407,1,1131,25.7,82.4,-94,5.75,16980,t,2026-09-05 18:59:07.375361+00
6408,2,1644,30,67,-65,9.25,24675,t,2026-09-05 18:59:13.914493+00
6409,1,1132,25.7,82.5,-94,5.5,16995,t,2026-09-05 18:59:21.355863+00
6410,2,1645,30.2,67,-64,9,24690,t,2026-09-05 18:59:28.829883+00
6411,1,1133,25.7,82.5,-94,5.5,17010,t,2026-09-05 18:59:36.083251+00
6412,2,1646,30.3,67,-65,9,24705,t,2026-09-05 18:59:43.830229+00
6413,1,1134,25.8,82.4,-94,5.75,17025,t,2026-09-05 18:59:51.083313+00
6414,2,1647,30.6,67,-65,9,24720,t,2026-09-05 18:59:58.827362+00
6415,1,1135,25.8,82.4,-94,5,17040,t,2026-09-05 19:00:06.093544+00
6416,2,1648,30.8,67,-65,9.25,24735,t,2026-09-05 19:00:13.872118+00
6417,1,1136,25.8,82.4,-93,5.75,17055,t,2026-09-05 19:00:21.089656+00
6418,2,1649,30.8,67,-65,8.5,24750,t,2026-09-05 19:00:29.033869+00
6419,1,1137,25.8,82.4,-94,6,17070,t,2026-09-05 19:00:36.082033+00
6420,2,1650,30.5,67,-64,10,24765,t,2026-09-05 19:00:43.827064+00
6421,1,1138,25.8,82.4,-94,5.75,17085,t,2026-09-05 19:00:51.081808+00
6422,2,1651,30,67,-65,9.5,24780,t,2026-09-05 19:00:58.826693+00
6423,1,1139,25.8,82.4,-94,5.5,17100,t,2026-09-05 19:01:06.080884+00
6424,2,1652,30.5,67,-65,9.25,24795,t,2026-09-05 19:01:13.825707+00
6425,1,1140,25.8,82.4,-93,5.5,17115,t,2026-09-05 19:01:21.397719+00
6426,2,1653,30.5,67,-65,9.75,24810,t,2026-09-05 19:01:28.87989+00
6427,1,1141,25.8,82.4,-94,5.5,17130,t,2026-09-05 19:01:36.151341+00
6428,2,1654,30.3,67,-65,9.25,24825,t,2026-09-05 19:01:43.824873+00
6429,1,1142,25.8,82.4,-94,5.5,17145,t,2026-09-05 19:01:51.080253+00
6430,2,1655,30,67,-65,8.75,24840,t,2026-09-05 19:01:58.84477+00
6431,1,1143,25.8,82.4,-94,5.75,17160,t,2026-09-05 19:02:06.424717+00
6432,2,1656,30.6,67,-65,8.75,24855,t,2026-09-05 19:02:13.827884+00
6433,1,1144,25.8,82.4,-93,5.75,17175,t,2026-09-05 19:02:21.079427+00
6434,2,1657,30.3,67,-65,8.75,24870,t,2026-09-05 19:02:29.197357+00
6435,1,1145,25.8,82.4,-94,5.5,17190,t,2026-09-05 19:02:36.078867+00
6436,2,1658,30,67,-65,9.25,24885,t,2026-09-05 19:02:43.837145+00
6437,1,1146,25.8,82.4,-93,5.75,17205,t,2026-09-05 19:02:51.314307+00
6438,2,1659,30.7,67,-64,9,24900,t,2026-09-05 19:02:58.823488+00
6439,1,1147,25.8,82.4,-93,5.75,17220,t,2026-09-05 19:03:06.078477+00
6440,2,1660,30.7,67,-65,9,24915,t,2026-09-05 19:03:13.823604+00
6441,1,1148,25.8,82.4,-94,5.75,17235,t,2026-09-05 19:03:21.111954+00
6442,2,1661,30.9,67,-65,9,24930,t,2026-09-05 19:03:28.822402+00
6443,1,1149,25.8,82.4,-93,5.25,17250,t,2026-09-05 19:03:36.080476+00
6444,2,1662,30,67,-65,9,24945,t,2026-09-05 19:03:43.820813+00
6445,1,1150,25.6,82.5,-94,5.25,17265,t,2026-09-05 19:03:51.311877+00
6446,2,1663,30.9,67,-65,9,24960,t,2026-09-05 19:03:58.823382+00
6447,1,1151,25.8,82.4,-94,5.5,17280,t,2026-09-05 19:04:06.077975+00
6448,2,1664,30.9,67,-65,8.5,24975,t,2026-09-05 19:04:13.862622+00
6449,1,1152,25.8,82.4,-93,5.75,17295,t,2026-09-05 19:04:21.077044+00
6450,2,1665,30.9,67,-65,9.25,24990,t,2026-09-05 19:04:29.064566+00
6451,1,1153,25.8,82.4,-94,5.25,17310,t,2026-09-05 19:04:36.077951+00
6452,2,1666,30.8,67,-65,8.5,25005,t,2026-09-05 19:04:44.097429+00
6453,1,1154,25.8,82.4,-94,5.5,17325,t,2026-09-05 19:04:51.120313+00
6454,2,1667,30.5,67,-65,8.75,25020,t,2026-09-05 19:04:58.818336+00
6455,1,1155,25.8,82.4,-94,5.75,17340,t,2026-09-05 19:05:06.075684+00
6456,2,1668,30.4,67,-65,9.25,25035,t,2026-09-05 19:05:13.818402+00
6457,1,1156,25.8,82.4,-94,5.75,17355,t,2026-09-05 19:05:21.073235+00
6458,2,1669,30.3,67,-65,9.5,25050,t,2026-09-05 19:05:28.818253+00
6459,1,1157,25.8,82.4,-93,5.75,17370,t,2026-09-05 19:05:36.075586+00
6460,2,1670,30.9,67,-65,8.75,25065,t,2026-09-05 19:05:43.81967+00
6461,1,1158,25.8,82.4,-93,5,17385,t,2026-09-05 19:05:51.32503+00
6462,2,1671,30.2,67,-65,9.5,25080,t,2026-09-05 19:05:59.122191+00
6463,1,1159,25.8,82.4,-94,5.75,17400,t,2026-09-05 19:06:06.073337+00
6464,2,1672,30.6,67,-65,9,25095,t,2026-09-05 19:06:14.02066+00
6465,1,1160,25.8,82.4,-94,5.25,17415,t,2026-09-05 19:06:21.074131+00
6466,2,1673,30.3,67,-65,9,25110,t,2026-09-05 19:06:28.816493+00
6467,1,1161,25.8,82.4,-94,5.5,17430,t,2026-09-05 19:06:37.021389+00
6468,2,1674,30.8,67,-65,9.5,25125,t,2026-09-05 19:06:43.968016+00
6469,2,1675,30.2,67,-66,9,25140,t,2026-09-05 19:06:58.814325+00
6470,1,1163,25.8,82.4,-93,5.25,17460,t,2026-09-05 19:07:06.07298+00
6471,2,1676,30.6,67,-65,8.75,25155,t,2026-09-05 19:07:13.876596+00
6472,1,1164,25.8,82.4,-94,5.25,17475,t,2026-09-05 19:07:21.129984+00
6473,2,1677,30.7,67,-64,9.75,25170,t,2026-09-05 19:07:28.928309+00
6474,1,1165,25.8,82.4,-94,5.5,17490,t,2026-09-05 19:07:36.072118+00
6475,2,1678,30.1,67,-65,8.75,25185,t,2026-09-05 19:07:44.075707+00
6476,1,1166,25.8,82.4,-93,5.75,17505,t,2026-09-05 19:07:51.071929+00
6477,2,1679,30.3,67,-66,9.25,25200,t,2026-09-05 19:07:58.81377+00
6478,2,1680,30.2,67,-65,9,25215,t,2026-09-05 19:08:13.839635+00
6479,1,1168,25.8,82.4,-94,5.5,17535,t,2026-09-05 19:08:21.076482+00
6480,2,1681,30.3,67,-65,8.75,25230,t,2026-09-05 19:08:29.030384+00
6481,1,1169,25.8,82.4,-94,5.75,17550,t,2026-09-05 19:08:36.070667+00
6482,2,1682,30.2,67,-65,9.25,25245,t,2026-09-05 19:08:44.184521+00
6483,1,1170,25.8,82.4,-93,5.75,17565,t,2026-09-05 19:08:52.786807+00
6484,2,1683,30.1,67,-65,9.25,25260,t,2026-09-05 19:08:59.037229+00
6485,1,1171,25.8,82.4,-93,5.75,17580,t,2026-09-05 19:09:06.068741+00
6486,2,1684,30.9,67,-64,8.75,25275,t,2026-09-05 19:09:13.810358+00
6487,1,1172,25.8,82.4,-94,5.5,17595,t,2026-09-05 19:09:21.06914+00
6488,1,1173,25.8,82.4,-95,5.5,17610,t,2026-09-05 19:09:36.101338+00
6489,2,1686,30.3,67,-65,9.5,25305,t,2026-09-05 19:09:43.810148+00
6490,1,1174,25.8,82.4,-95,5.5,17625,t,2026-09-05 19:09:51.354258+00
6491,2,1687,30.3,67,-66,9.25,25320,t,2026-09-05 19:09:58.810384+00
6492,1,1175,25.8,82.4,-93,5.5,17640,t,2026-09-05 19:10:06.068823+00
6493,1,1176,25.8,82.4,-93,5.75,17655,t,2026-09-05 19:10:21.281034+00
6494,2,1689,30.4,67,-65,9.25,25350,t,2026-09-05 19:10:29.007392+00
6495,2,1690,30.3,67,-65,9,25365,t,2026-09-05 19:10:43.82523+00
6496,1,1178,25.7,82.5,-94,5.25,17685,t,2026-09-05 19:10:51.369282+00
6497,2,1691,30.3,67,-64,9.25,25380,t,2026-09-05 19:10:58.945008+00
6498,1,1179,25.8,82.4,-94,5.25,17700,t,2026-09-05 19:11:06.066702+00
6499,2,1692,30.8,67,-65,8.75,25395,t,2026-09-05 19:11:13.806685+00
6500,1,1180,25.7,82.5,-94,5.25,17715,t,2026-09-05 19:11:21.067774+00
6501,2,1693,30.6,67,-65,9,25410,t,2026-09-05 19:11:28.806436+00
6502,1,1181,25.8,82.4,-93,5.75,17730,t,2026-09-05 19:11:36.065516+00
6503,2,1694,30.6,67,-64,9.5,25425,t,2026-09-05 19:11:43.807443+00
6504,1,1182,25.7,82.5,-94,5.5,17745,t,2026-09-05 19:11:51.06638+00
6505,2,1695,30.2,67,-64,9,25440,t,2026-09-05 19:11:58.804868+00
6506,1,1183,25.7,82.5,-93,5.5,17760,t,2026-09-05 19:12:06.066853+00
6507,2,1696,30.3,67,-65,9,25455,t,2026-09-05 19:12:14.202107+00
6508,1,1184,25.7,82.6,-94,5.75,17775,t,2026-09-05 19:12:21.06646+00
6509,2,1697,30.4,67,-64,9.25,25470,t,2026-09-05 19:12:29.05605+00
6510,1,1185,25.7,82.5,-94,5.5,17790,t,2026-09-05 19:12:36.063419+00
6511,2,1698,30.5,67,-65,9.25,25485,t,2026-09-05 19:12:43.803997+00
6512,1,1186,25.7,82.5,-94,5.5,17805,t,2026-09-05 19:12:51.064849+00
6513,2,1699,30.9,67,-65,9.25,25500,t,2026-09-05 19:12:58.804847+00
6514,1,1187,25.7,82.5,-94,5.75,17820,t,2026-09-05 19:13:06.330106+00
6515,2,1700,30.3,67,-65,9,25515,t,2026-09-05 19:13:13.804986+00
6516,1,1188,25.7,82.6,-93,5.5,17835,t,2026-09-05 19:13:21.074425+00
6517,2,1701,30.2,67,-65,9.5,25530,t,2026-09-05 19:13:35.103715+00
6518,1,1189,25.7,82.6,-93,5.75,17850,t,2026-09-05 19:13:36.062968+00
6519,2,1702,30.2,67,-64,9.75,25545,t,2026-09-05 19:13:44.119377+00
6520,1,1190,25.6,82.6,-94,5.5,17865,t,2026-09-05 19:13:51.062226+00
6521,2,1703,30.2,67,-65,9,25560,t,2026-09-05 19:13:58.802218+00
6522,1,1191,25.6,82.6,-94,5.5,17880,t,2026-09-05 19:14:06.064517+00
6523,2,1704,30.1,67,-65,9.25,25575,t,2026-09-05 19:14:13.802604+00
6524,1,1192,25.6,82.7,-93,5.5,17895,t,2026-09-05 19:14:21.065088+00
6525,2,1705,30.2,67,-65,9,25590,t,2026-09-05 19:14:29.123841+00
6526,1,1193,25.6,82.7,-94,5.75,17910,t,2026-09-05 19:14:36.061461+00
6527,2,1706,30.2,67,-65,9.25,25605,t,2026-09-05 19:14:43.804794+00
6528,1,1194,25.6,82.6,-94,5.75,17925,t,2026-09-05 19:14:51.066768+00
6529,2,1707,30,67,-64,9,25620,t,2026-09-05 19:14:58.800307+00
6530,1,1195,25.7,82.6,-94,5.75,17940,t,2026-09-05 19:15:06.060821+00
6531,2,1708,30.4,67,-65,9,25635,t,2026-09-05 19:15:13.873771+00
6532,1,1196,25.7,82.6,-94,5.75,17955,t,2026-09-05 19:15:21.061339+00
6533,2,1709,30.3,67,-65,9.25,25650,t,2026-09-05 19:15:28.80206+00
6534,1,1197,25.7,82.6,-94,5.5,17970,t,2026-09-05 19:15:40.135754+00
6535,2,1710,30.1,67,-65,9.5,25665,t,2026-09-05 19:15:43.796965+00
6536,1,1198,25.7,82.6,-94,5.75,17985,t,2026-09-05 19:15:51.060105+00
6537,2,1711,30.4,67,-65,9.25,25680,t,2026-09-05 19:15:58.798441+00
6538,1,1199,25.7,82.6,-94,5.75,18000,t,2026-09-05 19:16:06.060771+00
6539,2,1712,30.8,67,-65,8.75,25695,t,2026-09-05 19:16:13.923436+00
6540,2,1766,30.9,67,-63,9.25,26505,t,2026-09-05 19:29:44.276313+00
6541,1,1254,25.7,82.7,-94,5.25,18825,t,2026-09-05 19:29:51.398133+00
6542,2,1767,30.1,67,-66,8.75,26520,t,2026-09-05 19:29:59.131114+00
6543,1,1255,25.7,82.6,-96,4.5,18840,t,2026-09-05 19:30:06.646879+00
6544,2,1768,30,67,-63,9.5,26535,t,2026-09-05 19:30:14.129316+00
6545,1,1256,25.7,82.6,-93,5.75,18855,t,2026-09-05 19:30:21.396421+00
6546,2,1769,30.1,67,-64,9.25,26550,t,2026-09-05 19:30:29.127939+00
6547,2,1770,30.7,67,-64,9.25,26565,t,2026-09-05 19:30:44.129206+00
6548,1,1258,25.7,82.6,-94,5.5,18885,t,2026-09-05 19:30:51.395573+00
6549,2,1771,30.9,67,-64,9.25,26580,t,2026-09-05 19:30:59.12815+00
6550,1,1259,25.7,82.6,-94,5.75,18900,t,2026-09-05 19:31:06.452627+00
6551,2,1772,30,67,-61,9.25,26595,t,2026-09-05 19:31:14.403039+00
6552,1,1260,25.7,82.6,-94,6,18915,t,2026-09-05 19:31:21.39691+00
6553,2,1773,30.3,67,-60,9,26610,t,2026-09-05 19:31:29.335985+00
6554,1,1261,25.7,82.6,-94,5.75,18930,t,2026-09-05 19:31:36.402684+00
6555,2,1774,30.3,67,-61,9.25,26625,t,2026-09-05 19:31:44.127061+00
6556,1,1262,25.7,82.7,-93,5.75,18945,t,2026-09-05 19:31:51.395938+00
6557,2,1775,30.3,67,-62,8.75,26640,t,2026-09-05 19:31:59.126466+00
6558,1,1263,25.7,82.7,-94,5.75,18960,t,2026-09-05 19:32:06.395284+00
6559,2,1776,30.3,67,-61,9.25,26655,t,2026-09-05 19:32:14.125763+00
6560,1,1264,25.7,82.7,-95,5.25,18975,t,2026-09-05 19:32:21.675367+00
6561,2,1777,30.2,67,-61,9,26670,t,2026-09-05 19:32:29.126293+00
6562,1,1265,25.7,82.6,-95,5.75,18990,t,2026-09-05 19:32:36.520432+00
6563,2,1778,30.3,67,-61,9.5,26685,t,2026-09-05 19:32:44.389016+00
6564,1,1266,25.7,82.6,-95,5.25,19005,t,2026-09-05 19:32:51.393726+00
6565,2,1779,30.4,67,-61,9.25,26700,t,2026-09-05 19:32:59.129719+00
6566,1,1267,25.7,82.7,-95,5.5,19020,t,2026-09-05 19:33:06.517162+00
6567,2,1780,30.5,67,-62,9,26715,t,2026-09-05 19:33:14.512299+00
6568,1,1268,25.7,82.7,-93,5.75,19035,t,2026-09-05 19:33:21.395842+00
6569,2,1781,30.7,67,-62,9.25,26730,t,2026-09-05 19:33:29.12898+00
6570,1,1269,25.7,82.7,-94,5.5,19050,t,2026-09-05 19:33:36.391555+00
6571,2,1782,30.1,67,-61,9.5,26745,t,2026-09-05 19:33:44.316209+00
6572,1,1270,25.7,82.7,-95,5.5,19065,t,2026-09-05 19:33:51.392506+00
6573,2,1783,30.5,67,-61,9.5,26760,t,2026-09-05 19:33:59.126981+00
6574,1,1271,25.7,82.7,-95,5.25,19080,t,2026-09-05 19:34:06.394456+00
6575,2,1784,30.9,67,-60,9,26775,t,2026-09-05 19:34:15.941561+00
6576,1,1272,25.7,82.7,-94,5.5,19095,t,2026-09-05 19:34:21.584454+00
6577,2,1785,30.3,67,-61,9.5,26790,t,2026-09-05 19:34:29.539242+00
6578,1,1273,25.7,82.7,-94,5.75,19110,t,2026-09-05 19:34:36.393659+00
6579,2,1786,30.4,67,-60,9,26805,t,2026-09-05 19:34:44.121061+00
6580,1,1274,25.7,82.7,-94,5.75,19125,t,2026-09-05 19:34:51.391989+00
6581,2,1787,30.5,67,-60,9,26820,t,2026-09-05 19:34:59.120806+00
6582,1,1275,25.7,82.7,-94,6,19140,t,2026-09-05 19:35:06.397587+00
6583,2,1788,30.9,67,-60,9,26835,t,2026-09-05 19:35:14.126777+00
6584,1,1276,25.7,82.7,-94,5.75,19155,t,2026-09-05 19:35:21.855591+00
6585,1,1277,25.7,82.7,-93,6,19170,t,2026-09-05 19:35:36.393441+00
6586,2,1791,30.2,67,-58,9.75,26880,t,2026-09-05 19:35:59.122426+00
