id,node_id,seq,temperature,humidity,rssi,snr,uptime_s,checksum_ok,error,received_at
1,2,0,0.6,0,-41,9.25,15,t,,2026-08-24 17:28:21.684877+00
2,2,1,30.2,55,-39,9.25,30,t,,2026-08-24 17:28:36.687329+00
3,2,2,30.7,55,-38,9.5,45,t,,2026-08-24 17:28:51.684885+00
4,2,3,30,55,-40,10,60,t,,2026-08-24 17:29:06.683542+00
5,2,4,30.7,55,-37,9.75,75,t,,2026-08-24 17:29:21.682537+00
6,2,5,30.5,55,-39,9.5,90,t,,2026-08-24 17:29:36.684189+00
7,2,6,30,55,-37,9.5,105,t,,2026-08-24 17:29:51.681996+00
8,2,7,30.4,55,-36,9.5,120,t,,2026-08-24 17:30:06.681036+00
9,2,9,30.8,55,-39,9,150,t,,2026-08-24 17:30:36.681016+00
10,2,10,30.7,55,-38,9.5,165,t,,2026-08-24 17:30:51.681525+00
11,2,11,30.7,55,-37,9.75,180,t,,2026-08-24 17:31:06.680475+00
12,2,12,30.9,55,-44,9,195,t,,2026-08-24 17:31:21.679127+00
13,2,14,30.6,55,-40,9.5,225,t,,2026-08-24 17:31:51.679448+00
14,2,15,30.4,55,-38,9.5,240,t,,2026-08-24 17:32:06.679842+00
15,2,16,30.5,55,-51,9.25,255,t,,2026-08-24 17:32:21.679294+00
16,2,17,30.4,55,-50,9.75,270,t,,2026-08-24 17:32:36.678184+00
17,2,18,30.2,55,-51,8.75,285,t,,2026-08-24 17:32:51.678147+00
18,2,19,30.8,55,-51,9,300,t,,2026-08-24 17:33:06.677838+00
19,2,20,30.4,55,-37,9.5,315,t,,2026-08-24 17:33:21.678586+00
20,2,21,30.1,55,-37,9.5,330,t,,2026-08-24 17:33:36.681449+00
21,2,22,30.5,55,-37,9.5,345,t,,2026-08-24 17:33:51.687752+00
22,2,23,30.2,55,-41,9.5,360,t,,2026-08-24 17:34:06.674845+00
23,2,24,30.2,55,-51,8.75,375,t,,2026-08-24 17:34:21.676854+00
24,2,25,30,55,-52,8.75,390,t,,2026-08-24 17:34:36.672766+00
25,2,26,30.4,55,-42,9.5,405,t,,2026-08-24 17:34:51.673312+00
26,2,27,30.4,55,-50,9,420,t,,2026-08-24 17:35:06.673742+00
27,2,28,30.2,55,-47,9.75,435,t,,2026-08-24 17:35:21.673803+00
28,2,29,30.8,54,-47,10.25,450,t,,2026-08-24 17:35:36.672357+00
29,2,30,30.1,55,-47,9.75,465,t,,2026-08-24 17:35:51.671472+00
30,2,31,30.1,55,-42,9.25,480,t,,2026-08-24 17:36:06.671405+00
31,2,32,30.7,55,-40,9.5,495,t,,2026-08-24 17:36:21.66937+00
32,2,33,30.2,54,-40,10.25,510,t,,2026-08-24 17:36:36.670951+00
33,2,34,30.1,54,-42,9.5,525,t,,2026-08-24 17:36:51.669817+00
34,2,35,30,55,-37,9.5,540,t,,2026-08-24 17:37:06.668147+00
35,2,36,30.2,55,-38,10,555,t,,2026-08-24 17:37:21.668899+00
36,2,37,30,55,-38,9.5,570,t,,2026-08-24 17:37:36.66772+00
37,2,38,30.7,55,-39,9.75,585,t,,2026-08-24 17:37:51.668994+00
38,2,39,30.7,54,-40,9.75,600,t,,2026-08-24 17:38:06.667035+00
39,2,40,30.2,55,-38,9.5,615,t,,2026-08-24 17:38:21.666281+00
40,2,41,30.5,55,-39,10,630,t,,2026-08-24 17:38:36.667098+00
41,2,42,30.2,54,-37,9.75,645,t,,2026-08-24 17:38:51.666021+00
42,2,43,30,54,-37,9.25,660,t,,2026-08-24 17:39:06.664508+00
43,2,44,30.5,54,-51,9.25,675,t,,2026-08-24 17:39:21.665419+00
44,2,45,30.3,54,-37,10,690,t,,2026-08-24 17:39:36.663888+00
45,2,46,30,54,-51,9.25,705,t,,2026-08-24 17:39:51.662127+00
46,2,47,30.3,54,-38,10.25,720,t,,2026-08-24 17:40:06.664204+00
47,2,48,30.8,55,-37,12.25,735,t,,2026-08-24 17:40:21.664627+00
48,2,49,30.2,55,-38,9.75,750,t,,2026-08-24 17:40:36.663166+00
49,2,50,30.7,55,-39,9.5,765,t,,2026-08-24 17:40:51.662782+00
50,2,51,30.7,55,-54,10.25,780,t,,2026-08-24 17:41:06.662813+00
51,2,52,30.3,55,-54,8.25,795,t,,2026-08-24 17:41:21.661903+00
52,2,53,30.1,55,-54,8.5,810,t,,2026-08-24 17:41:36.661515+00
53,2,54,30.8,55,-53,9,825,t,,2026-08-24 17:41:51.660829+00
54,2,55,30.1,54,-53,9,840,t,,2026-08-24 17:42:06.660752+00
55,2,56,30,55,-54,8.25,855,t,,2026-08-24 17:42:21.659199+00
56,2,57,30.8,55,-54,8.5,870,t,,2026-08-24 17:42:36.659251+00
57,2,58,30.2,55,-54,8.75,885,t,,2026-08-24 17:42:51.65974+00
58,2,59,30.8,55,-58,7,900,t,,2026-08-24 17:43:06.659448+00
59,2,60,30.6,55,-58,7,915,t,,2026-08-24 17:43:21.657166+00
60,2,61,30.2,55,-47,9.5,930,t,,2026-08-24 17:43:36.657799+00
61,2,62,30.4,55,-39,9.5,945,t,,2026-08-24 17:43:51.656797+00
62,2,63,30.7,55,-41,9.5,960,t,,2026-08-24 17:44:06.655372+00
63,2,64,30.6,55,-50,9.5,975,t,,2026-08-24 17:44:21.65684+00
64,2,65,30.1,55,-41,9.5,990,t,,2026-08-24 17:44:36.656355+00
65,2,66,30.1,55,-42,9.25,1005,t,,2026-08-24 17:44:51.655084+00
66,2,67,30.7,55,-39,9.75,1020,t,,2026-08-24 17:45:06.655453+00
67,2,68,30.2,55,-49,9.5,1035,t,,2026-08-24 17:45:21.653955+00
68,2,69,30.1,54,-47,9.75,1050,t,,2026-08-24 17:45:36.654119+00
69,2,70,30.9,55,-51,9.5,1065,t,,2026-08-24 17:45:51.654159+00
70,2,71,30.6,55,-52,9,1080,t,,2026-08-24 17:46:06.653776+00
71,2,72,30.1,55,-47,9.75,1095,t,,2026-08-24 17:46:21.653078+00
72,2,73,30.5,55,-53,9,1110,t,,2026-08-24 17:46:36.652679+00
73,2,74,30.8,55,-50,9.5,1125,t,,2026-08-24 17:46:51.651833+00
74,2,75,30.2,55,-52,8.5,1140,t,,2026-08-24 17:47:06.651008+00
75,2,76,30.1,55,-53,9.25,1155,t,,2026-08-24 17:47:21.650765+00
76,2,77,30.5,55,-54,10.5,1170,t,,2026-08-24 17:47:36.650831+00
77,2,79,30.2,55,-51,9,1200,t,,2026-08-24 17:48:06.649669+00
78,2,80,30.7,55,-52,9.25,1215,t,,2026-08-24 17:48:21.649641+00
79,2,81,30.7,55,-51,9.25,1230,t,,2026-08-24 17:48:36.649094+00
80,2,82,30.6,55,-52,9,1245,t,,2026-08-24 17:48:51.64899+00
81,2,83,30,55,-53,8.75,1260,t,,2026-08-24 17:49:06.650372+00
82,2,84,30,55,-52,9.25,1275,t,,2026-08-24 17:49:21.647321+00
83,2,85,30.9,55,-53,9.25,1290,t,,2026-08-24 17:49:36.646727+00
84,2,86,30.4,54,-52,9.25,1305,t,,2026-08-24 17:49:51.646211+00
85,2,87,30.2,54,-41,9.75,1320,t,,2026-08-24 17:50:06.646045+00
86,2,88,30.2,55,-41,9.75,1335,t,,2026-08-24 17:50:21.645619+00
87,2,89,30.2,55,-51,9.75,1350,t,,2026-08-24 17:50:36.644583+00
88,2,90,30.7,55,-49,10.25,1365,t,,2026-08-24 17:50:51.645047+00
89,2,91,30.5,55,-47,10,1380,t,,2026-08-24 17:51:06.641614+00
90,2,92,30.2,55,-51,10,1395,t,,2026-08-24 17:51:21.642698+00
91,2,93,30.5,55,-53,9.5,1410,t,,2026-08-24 17:51:36.641889+00
92,2,94,30.7,55,-54,10,1425,t,,2026-08-24 17:51:51.642856+00
93,2,95,30.4,55,-55,10,1440,t,,2026-08-24 17:52:06.640755+00
94,2,96,30.1,55,-51,9.75,1455,t,,2026-08-24 17:52:21.640129+00
95,1,0,26.9,65.8,-52,9.5,15,t,,2026-08-24 17:52:27.050767+00
96,2,97,30.8,55,-51,9.75,1470,t,,2026-08-24 17:52:36.641179+00
97,1,1,26.9,65.8,-52,9.75,30,t,,2026-08-24 17:52:42.048625+00
98,2,98,30.4,55,-52,9.25,1485,t,,2026-08-24 17:52:51.64007+00
99,1,2,26.6,66.3,-53,9.75,45,t,,2026-08-24 17:52:57.049438+00
100,2,99,30.2,55,-52,9.75,1500,t,,2026-08-24 17:53:06.639482+00
101,1,3,26.9,66.1,-53,9.75,60,t,,2026-08-24 17:53:12.049577+00
102,2,100,30,55,-41,10,1515,t,,2026-08-24 17:53:21.64556+00
103,1,4,26.8,65.8,-55,10.25,75,t,,2026-08-24 17:53:27.135165+00
104,2,101,30.7,55,-59,8.75,1530,t,,2026-08-24 17:53:36.63856+00
105,1,5,26.6,66.8,-52,10.25,90,t,,2026-08-24 17:53:42.048503+00
106,2,102,30.5,55,-51,9.75,1545,t,,2026-08-24 17:53:51.638055+00
107,1,6,26.8,66.7,-53,9.75,105,t,,2026-08-24 17:53:57.049076+00
108,2,103,30.3,55,-51,9.25,1560,t,,2026-08-24 17:54:06.637924+00
109,1,7,26.8,66.9,-53,9.75,120,t,,2026-08-24 17:54:12.047665+00
110,2,104,30.9,55,-51,10.25,1575,t,,2026-08-24 17:54:21.6358+00
111,1,8,26.8,66.7,-51,9.5,135,t,,2026-08-24 17:54:27.047397+00
112,2,105,30.9,55,-46,11,1590,t,,2026-08-24 17:54:36.637194+00
113,1,9,26.8,66.8,-52,9.5,150,t,,2026-08-24 17:54:42.047532+00
114,2,106,30.6,55,-50,9.25,1605,t,,2026-08-24 17:54:51.636949+00
115,1,10,26.8,67.1,-53,9.75,165,t,,2026-08-24 17:54:57.04897+00
116,2,107,30.1,55,-48,9.5,1620,t,,2026-08-24 17:55:06.727587+00
117,2,108,30.9,55,-59,8.75,1635,t,,2026-08-24 17:55:21.649218+00
118,2,109,30,55,-57,9,1650,t,,2026-08-24 17:55:36.635429+00
119,2,110,30.2,55,-48,10,1665,t,,2026-08-24 17:55:51.633897+00
120,2,111,30.5,55,-48,9.75,1680,t,,2026-08-24 17:56:06.638092+00
121,2,112,30.7,55,-48,10,1695,t,,2026-08-24 17:56:21.633508+00
122,2,113,30.8,55,-47,9.5,1710,t,,2026-08-24 17:56:36.633811+00
123,1,0,26.9,69.1,-54,10.25,15,t,,2026-08-24 17:56:37.21725+00
124,2,114,30.7,55,-55,9.5,1725,t,,2026-08-24 17:56:51.633365+00
125,1,1,26.9,68,-53,10.25,30,t,,2026-08-24 17:56:52.266815+00
126,2,115,30.4,55,-55,9.5,1740,t,,2026-08-24 17:57:06.63269+00
127,1,2,26.9,66.8,-53,10,45,t,,2026-08-24 17:57:07.216915+00
128,2,116,30.3,55,-54,9.75,1755,t,,2026-08-24 17:57:21.630727+00
129,1,3,26.9,66.7,-53,10,60,t,,2026-08-24 17:57:22.215803+00
130,2,117,30.1,55,-54,10,1770,t,,2026-08-24 17:57:36.632504+00
131,1,4,26.9,66.4,-53,10,75,t,,2026-08-24 17:57:37.214727+00
132,2,118,30.8,55,-54,9.5,1785,t,,2026-08-24 17:57:51.631706+00
133,1,5,26.9,66.4,-53,10.25,90,t,,2026-08-24 17:57:52.216387+00
134,2,119,30.8,55,-54,9.5,1800,t,,2026-08-24 17:58:06.630413+00
135,1,6,26.8,66.6,-53,9.5,105,t,,2026-08-24 17:58:07.291235+00
136,2,120,30.3,55,-54,9.5,1815,t,,2026-08-24 17:58:21.630067+00
137,1,7,26.8,66.7,-53,9.5,120,t,,2026-08-24 17:58:22.215371+00
138,2,121,30.1,55,-55,9.25,1830,t,,2026-08-24 17:58:36.628066+00
139,1,8,26.8,66.4,-52,10.25,135,t,,2026-08-24 17:58:37.213789+00
140,2,122,30.8,55,-54,9.25,1845,t,,2026-08-24 17:58:51.629806+00
141,1,9,26.8,66.5,-52,10.25,150,t,,2026-08-24 17:58:52.213375+00
142,2,123,30.2,55,-54,10,1860,t,,2026-08-24 17:59:06.630879+00
143,1,10,26.8,67.5,-52,9.75,165,t,,2026-08-24 17:59:07.215966+00
144,2,124,30.4,55,-49,9.5,1875,t,,2026-08-24 17:59:21.627866+00
145,1,11,26.8,66.9,-52,10.25,180,t,,2026-08-24 17:59:22.212898+00
146,2,125,30.5,55,-48,10.25,1890,t,,2026-08-24 17:59:36.628275+00
147,1,12,26.8,66.4,-53,9.75,195,t,,2026-08-24 17:59:37.212433+00
148,2,126,30.7,55,-47,10.75,1905,t,,2026-08-24 17:59:51.627401+00
149,1,13,26.8,66.5,-52,9.75,210,t,,2026-08-24 17:59:52.213358+00
150,2,127,30,55,-48,9.75,1920,t,,2026-08-24 18:00:06.630898+00
151,1,14,26.8,66.9,-53,9.75,225,t,,2026-08-24 18:00:07.211499+00
152,2,128,30.1,55,-54,2.75,1935,t,,2026-08-24 18:00:21.627052+00
153,1,15,26.8,66.2,-53,9.5,240,t,,2026-08-24 18:00:22.211984+00
154,2,129,30.6,55,-55,10,1950,t,,2026-08-24 18:00:36.6259+00
155,1,16,26.8,65.5,-51,9.75,255,t,,2026-08-24 18:00:37.211393+00
156,2,130,30.4,55,-49,9.75,1965,t,,2026-08-24 18:00:51.626087+00
157,1,17,26.8,65.3,-53,9.75,270,t,,2026-08-24 18:00:52.210791+00
158,2,131,30.2,55,-48,9.75,1980,t,,2026-08-24 18:01:06.62661+00
159,1,18,26.8,65.7,-53,10,285,t,,2026-08-24 18:01:07.211347+00
160,2,132,30.9,55,-54,9.5,1995,t,,2026-08-24 18:01:21.625049+00
161,1,19,26.8,66.1,-53,10,300,t,,2026-08-24 18:01:22.258805+00
162,2,133,30.6,55,-41,10.75,2010,t,,2026-08-24 18:01:36.622081+00
163,1,20,26.8,66,-57,9.5,315,t,,2026-08-24 18:01:37.208283+00
164,2,134,30,55,-49,10,2025,t,,2026-08-24 18:01:51.624597+00
165,1,21,26.7,67.1,-54,9.75,330,t,,2026-08-24 18:01:52.210653+00
166,2,135,30.1,55,-47,9.75,2040,t,,2026-08-24 18:02:06.623238+00
167,1,22,26.8,67,-54,9.5,345,t,,2026-08-24 18:02:07.208466+00
168,2,136,30.2,55,-40,10,2055,t,,2026-08-24 18:02:21.62378+00
169,1,23,26.8,67.2,-53,9.75,360,t,,2026-08-24 18:02:22.208876+00
170,2,137,30.4,56,-40,9.5,2070,t,,2026-08-24 18:02:36.621128+00
171,1,24,26.8,67,-53,9.75,375,t,,2026-08-24 18:02:37.207369+00
172,2,138,30,56,-48,10,2085,t,,2026-08-24 18:02:51.620476+00
173,1,25,26.8,66.8,-52,9.5,390,t,,2026-08-24 18:02:52.205831+00
174,2,139,30.5,56,-47,9.75,2100,t,,2026-08-24 18:03:06.621683+00
175,1,26,26.8,66.6,-53,10.75,405,t,,2026-08-24 18:03:07.207591+00
176,2,140,30.3,55,-48,10.25,2115,t,,2026-08-24 18:03:21.619843+00
177,1,27,26.8,66.7,-53,9.25,420,t,,2026-08-24 18:03:22.30882+00
178,2,141,30.2,55,-47,10.25,2130,t,,2026-08-24 18:03:36.618641+00
179,1,28,26.8,66.9,-51,9.5,435,t,,2026-08-24 18:03:37.207621+00
180,2,142,30.7,55,-41,9.75,2145,t,,2026-08-24 18:03:51.619568+00
181,1,29,26.8,66.9,-53,10,450,t,,2026-08-24 18:03:52.206503+00
182,2,143,30.6,56,-41,9.75,2160,t,,2026-08-24 18:04:06.618454+00
183,1,30,26.8,67.1,-53,9.75,465,t,,2026-08-24 18:04:07.205581+00
184,2,144,30.6,55,-55,9,2175,t,,2026-08-24 18:04:21.619535+00
185,1,31,26.8,67.6,-56,9.5,480,t,,2026-08-24 18:04:25.346444+00
186,2,145,30.9,55,-55,8.75,2190,t,,2026-08-24 18:04:36.61841+00
187,1,32,26.8,67.1,-57,9.5,495,t,,2026-08-24 18:04:37.205522+00
188,2,146,30.4,55,-43,9.5,2205,t,,2026-08-24 18:04:51.617758+00
189,1,33,26.7,66.7,-53,9.5,510,t,,2026-08-24 18:04:52.205169+00
190,2,147,30.3,55,-41,10,2220,t,,2026-08-24 18:05:06.615502+00
191,1,34,26.8,66.2,-54,9.5,525,t,,2026-08-24 18:05:07.20684+00
192,2,148,30.7,55,-50,9.5,2235,t,,2026-08-24 18:05:21.616432+00
193,1,35,26.8,66.1,-52,9.5,540,t,,2026-08-24 18:05:22.205497+00
194,2,149,30.1,55,-47,10,2250,t,,2026-08-24 18:05:36.646315+00
195,1,36,26.8,66,-52,10,555,t,,2026-08-24 18:05:37.250147+00
196,2,150,30.8,55,-49,9.5,2265,t,,2026-08-24 18:05:51.614152+00
197,1,37,26.8,66.5,-52,9.5,570,t,,2026-08-24 18:05:52.202764+00
198,2,151,30.6,55,-48,9.5,2280,t,,2026-08-24 18:06:06.615766+00
199,1,38,26.8,66.6,-51,10,585,t,,2026-08-24 18:06:07.202438+00
200,1,39,26.8,66.5,-52,9.25,600,t,,2026-08-24 18:06:22.202831+00
201,2,153,30.4,56,-47,9.5,2310,t,,2026-08-24 18:06:36.614904+00
202,1,40,26.8,66.9,-53,10.25,615,t,,2026-08-24 18:06:37.201456+00
203,2,154,30.4,55,-48,10,2325,t,,2026-08-24 18:06:51.614173+00
204,1,41,26.8,67.3,-53,9.75,630,t,,2026-08-24 18:06:52.202402+00
205,2,155,30.3,55,-48,9.5,2340,t,,2026-08-24 18:07:06.613382+00
206,1,42,26.7,67.1,-53,9.75,645,t,,2026-08-24 18:07:07.20314+00
207,1,43,26.7,66.6,-51,10,660,t,,2026-08-24 18:07:22.201276+00
208,2,157,30,55,-49,10,2370,t,,2026-08-24 18:07:36.612874+00
209,1,44,26.7,66.9,-51,9.5,675,t,,2026-08-24 18:07:37.201751+00
210,2,158,30.1,56,-48,10.75,2385,t,,2026-08-24 18:07:51.611176+00
211,1,45,26.7,67.3,-52,9.5,690,t,,2026-08-24 18:07:52.199953+00
212,2,159,30.1,55,-50,9.25,2400,t,,2026-08-24 18:08:06.611428+00
213,1,46,26.7,67.1,-51,9.75,705,t,,2026-08-24 18:08:07.199616+00
214,2,160,30.8,55,-53,9.75,2415,t,,2026-08-24 18:08:21.610841+00
215,1,47,26.7,66.8,-52,9.5,720,t,,2026-08-24 18:08:22.200162+00
216,2,161,30.5,56,-53,9.75,2430,t,,2026-08-24 18:08:36.60838+00
217,1,48,26.7,66.6,-52,9.5,735,t,,2026-08-24 18:08:37.19856+00
218,2,162,30.1,56,-52,9.25,2445,t,,2026-08-24 18:08:51.610076+00
219,1,49,26.7,67,-53,9.5,750,t,,2026-08-24 18:08:52.199427+00
220,2,163,30.1,56,-52,9.25,2460,t,,2026-08-24 18:09:06.611226+00
221,1,50,26.7,67.1,-53,9.75,765,t,,2026-08-24 18:09:07.198167+00
222,2,164,30,56,-51,9.5,2475,t,,2026-08-24 18:09:21.608508+00
223,1,51,26.7,67.2,-53,9.5,780,t,,2026-08-24 18:09:22.197838+00
224,1,52,26.7,66.9,-52,9.75,795,t,,2026-08-24 18:09:37.203045+00
225,2,166,30.2,56,-52,9.25,2505,t,,2026-08-24 18:09:51.60786+00
226,1,53,26.7,67.2,-53,9.75,810,t,,2026-08-24 18:09:52.197213+00
227,2,167,30.4,56,-51,9.25,2520,t,,2026-08-24 18:10:06.640703+00
228,1,54,26.7,67.4,-52,10,825,t,,2026-08-24 18:10:07.197817+00
229,2,168,30.7,56,-51,9.75,2535,t,,2026-08-24 18:10:21.607723+00
230,1,55,26.7,67.7,-52,10.5,840,t,,2026-08-24 18:10:22.196553+00
231,2,169,30.6,56,-51,10,2550,t,,2026-08-24 18:10:36.605804+00
232,1,56,26.7,67.8,-51,10,855,t,,2026-08-24 18:10:37.19908+00
233,2,170,30.9,55,-51,9.25,2565,t,,2026-08-24 18:10:51.608804+00
234,1,57,26.7,67.5,-52,9.5,870,t,,2026-08-24 18:10:52.198221+00
235,2,171,30.6,55,-54,9.25,2580,t,,2026-08-24 18:11:06.60578+00
236,1,58,26.6,66.7,-52,10.25,885,t,,2026-08-24 18:11:07.195755+00
237,2,172,30.3,55,-54,9,2595,t,,2026-08-24 18:11:21.604447+00
238,1,59,26.6,66.3,-53,9.5,900,t,,2026-08-24 18:11:22.261807+00
239,2,173,30,55,-54,9.25,2610,t,,2026-08-24 18:11:36.605623+00
240,1,60,26.6,66.2,-53,9.5,915,t,,2026-08-24 18:11:37.194774+00
241,2,174,30,55,-53,9.5,2625,t,,2026-08-24 18:11:51.603659+00
242,1,61,26.7,66.2,-52,9.75,930,t,,2026-08-24 18:11:52.195063+00
243,2,175,30.4,55,-54,9.25,2640,t,,2026-08-24 18:12:06.60304+00
244,1,62,26.6,66.5,-52,9.5,945,t,,2026-08-24 18:12:07.19661+00
245,2,176,30.3,55,-54,9.25,2655,t,,2026-08-24 18:12:21.603597+00
246,1,63,26.6,66.5,-53,9.5,960,t,,2026-08-24 18:12:22.193967+00
247,2,177,30.9,56,-54,9.25,2670,t,,2026-08-24 18:12:36.60247+00
248,1,64,26.6,67,-53,10,975,t,,2026-08-24 18:12:37.191743+00
249,2,178,30.9,56,-54,9.25,2685,t,,2026-08-24 18:12:51.600497+00
250,1,65,26.6,67.4,-53,9.75,990,t,,2026-08-24 18:12:52.193621+00
251,2,179,30,56,-36,10,2700,t,,2026-08-24 18:13:06.602038+00
252,1,66,26.6,67.5,-54,10,1005,t,,2026-08-24 18:13:07.19303+00
253,2,180,30,56,-36,9.5,2715,t,,2026-08-24 18:13:21.601212+00
254,1,67,26.6,67.3,-54,9.75,1020,t,,2026-08-24 18:13:22.192971+00
255,2,181,30.5,56,-36,9.5,2730,t,,2026-08-24 18:13:36.601891+00
256,1,68,26.6,67.2,-54,10.75,1035,t,,2026-08-24 18:13:37.192034+00
257,2,182,30.1,56,-37,9.25,2745,t,,2026-08-24 18:13:51.600404+00
258,1,69,26.6,67,-53,10,1050,t,,2026-08-24 18:13:52.190875+00
259,2,183,30.2,56,-39,9.75,2760,t,,2026-08-24 18:14:06.599496+00
260,1,70,26.6,67.2,-52,9.75,1065,t,,2026-08-24 18:14:07.191894+00
261,2,184,30.2,56,-37,10,2775,t,,2026-08-24 18:14:21.600412+00
262,1,71,26.6,67.9,-52,4.5,1080,t,,2026-08-24 18:14:22.194339+00
263,2,185,30.4,56,-37,9.75,2790,t,,2026-08-24 18:14:36.602411+00
264,1,72,26.6,68.1,-54,9.5,1095,t,,2026-08-24 18:14:37.188846+00
265,2,186,30,56,-65,2,2805,t,,2026-08-24 18:14:51.597736+00
266,1,73,26.7,68,-54,9.75,1110,t,,2026-08-24 18:14:52.190866+00
267,2,187,30.4,56,-55,9.75,2820,t,,2026-08-24 18:15:06.599148+00
268,1,74,26.7,68,-55,10,1125,t,,2026-08-24 18:15:07.189621+00
269,2,191,30.5,56,-48,10.25,2880,t,,2026-08-24 18:16:06.595728+00
270,1,78,26.8,66.5,-55,9.5,1185,t,,2026-08-24 18:16:07.189071+00
271,2,192,30.2,55,-39,11.5,2895,t,,2026-08-24 18:16:21.595623+00
272,1,79,26.8,66.2,-52,10,1200,t,,2026-08-24 18:16:22.187811+00
273,2,193,30.5,55,-56,9,2910,t,,2026-08-24 18:16:36.60242+00
274,1,80,26.8,67.4,-56,10,1215,t,,2026-08-24 18:16:37.212675+00
275,2,194,30,56,-38,9.75,2925,t,,2026-08-24 18:16:51.594879+00
276,1,81,26.8,66.7,-54,9.75,1230,t,,2026-08-24 18:16:52.187633+00
277,2,195,30.5,55,-38,9.75,2940,t,,2026-08-24 18:17:06.595044+00
278,1,82,26.8,66.3,-53,9.5,1245,t,,2026-08-24 18:17:07.187036+00
279,2,196,30.1,55,-41,10,2955,t,,2026-08-24 18:17:21.594218+00
280,1,83,26.8,65.9,-55,9.75,1260,t,,2026-08-24 18:17:22.187392+00
281,2,197,30.8,55,-42,9.75,2970,t,,2026-08-24 18:17:36.593003+00
282,1,84,26.8,66.1,-58,10,1275,t,,2026-08-24 18:17:37.186575+00
283,2,198,30.9,56,-41,9.5,2985,t,,2026-08-24 18:17:51.594217+00
284,1,85,26.8,66.3,-56,9.5,1290,t,,2026-08-24 18:17:52.184093+00
285,2,199,30.4,56,-41,9.75,3000,t,,2026-08-24 18:18:06.592214+00
286,1,86,26.8,66.6,-54,10,1305,t,,2026-08-24 18:18:07.186582+00
287,2,200,30.3,56,-48,9.75,3015,t,,2026-08-24 18:18:21.590967+00
288,1,87,26.8,66.4,-53,9.5,1320,t,,2026-08-24 18:18:22.185375+00
289,2,201,30.7,55,-41,9.75,3030,t,,2026-08-24 18:18:36.59226+00
290,1,88,26.8,66.7,-53,10,1335,t,,2026-08-24 18:18:37.185466+00
291,2,202,30.8,55,-47,9.5,3045,t,,2026-08-24 18:18:51.591585+00
292,1,89,26.8,67.1,-52,10,1350,t,,2026-08-24 18:18:52.184362+00
293,2,203,30.3,55,-40,9.75,3060,t,,2026-08-24 18:19:06.589627+00
294,1,90,26.8,66.2,-53,10,1365,t,,2026-08-24 18:19:07.183297+00
295,2,204,30.9,56,-52,9.75,3075,t,,2026-08-24 18:19:21.590647+00
296,1,91,26.8,66.3,-51,9.5,1380,t,,2026-08-24 18:19:22.184108+00
297,2,205,30.1,55,-38,10,3090,t,,2026-08-24 18:19:36.598922+00
298,1,92,26.8,66.6,-51,9.75,1395,t,,2026-08-24 18:19:37.184537+00
299,2,206,30.9,55,-39,9.75,3105,t,,2026-08-24 18:19:51.589078+00
300,1,93,26.8,67.3,-50,10,1410,t,,2026-08-24 18:19:54.483057+00
301,2,207,30.8,55,-40,10,3120,t,,2026-08-24 18:20:06.59552+00
302,1,94,26.8,67.9,-50,9.25,1425,t,,2026-08-24 18:20:08.759097+00
303,2,208,30.5,55,-40,9.75,3135,t,,2026-08-24 18:20:21.588284+00
304,1,95,26.8,67.2,-53,9.75,1440,t,,2026-08-24 18:20:22.182139+00
305,2,209,30.9,55,-53,9.75,3150,t,,2026-08-24 18:20:36.588735+00
306,1,96,26.8,66.8,-56,12,1455,t,,2026-08-24 18:20:37.182994+00
307,2,210,30.8,56,-46,9.5,3165,t,,2026-08-24 18:20:51.588157+00
308,1,97,26.9,66.6,-52,10.25,1470,t,,2026-08-24 18:20:52.181631+00
309,2,211,30.8,55,-37,10,3180,t,,2026-08-24 18:21:06.591032+00
310,1,98,26.8,66.3,-53,9.75,1485,t,,2026-08-24 18:21:07.180656+00
311,2,212,30.4,55,-37,9.25,3195,t,,2026-08-24 18:21:21.587529+00
312,1,99,26.8,66.1,-53,10,1500,t,,2026-08-24 18:21:22.181037+00
313,2,213,30.5,55,-58,8.75,3210,t,,2026-08-24 18:21:36.585556+00
314,1,100,26.8,66.2,-55,9.75,1515,t,,2026-08-24 18:21:37.180596+00
315,2,214,30.2,56,-55,9,3225,t,,2026-08-24 18:21:51.585343+00
316,1,101,26.8,66,-56,9.75,1530,t,,2026-08-24 18:21:52.181088+00
317,2,215,30.9,56,-40,9.5,3240,t,,2026-08-24 18:22:06.586339+00
318,1,102,26.8,66.3,-53,10.5,1545,t,,2026-08-24 18:22:07.180747+00
319,2,216,30.8,55,-56,8.75,3255,t,,2026-08-24 18:22:21.584041+00
320,1,103,26.7,66.4,-56,9.5,1560,t,,2026-08-24 18:22:22.178841+00
321,2,217,30.1,55,-40,10.25,3270,t,,2026-08-24 18:22:36.582922+00
322,1,104,26.8,66.1,-54,10,1575,t,,2026-08-24 18:22:37.203315+00
323,2,218,30,55,-60,7.75,3285,t,,2026-08-24 18:22:51.58425+00
324,1,105,26.8,66,-57,9.75,1590,t,,2026-08-24 18:22:52.178214+00
325,2,219,30.3,55,-59,7.75,3300,t,,2026-08-24 18:23:06.583802+00
326,1,106,26.8,65.9,-57,10,1605,t,,2026-08-24 18:23:07.179814+00
327,2,220,30.2,55,-59,8,3315,t,,2026-08-24 18:23:21.582765+00
328,1,107,26.8,65.9,-57,9.75,1620,t,,2026-08-24 18:23:22.178553+00
329,2,221,30.9,55,-39,9.75,3330,t,,2026-08-24 18:23:36.583067+00
330,1,108,26.8,65.8,-57,10,1635,t,,2026-08-24 18:23:37.178027+00
331,2,222,31.7,54,-64,6,3345,t,,2026-08-24 18:23:51.581702+00
332,1,109,26.6,65.6,-58,10,1650,t,,2026-08-24 18:23:52.178965+00
333,2,223,31.3,55,-40,9.75,3360,t,,2026-08-24 18:24:06.581622+00
334,1,110,26.8,65.6,-55,9.5,1665,t,,2026-08-24 18:24:07.178907+00
335,2,224,31.1,55,-55,9,3375,t,,2026-08-24 18:24:21.58178+00
336,1,111,26.8,65.8,-57,9.75,1680,t,,2026-08-24 18:24:22.17679+00
337,2,225,31.8,55,-38,9.5,3390,t,,2026-08-24 18:24:36.579462+00
338,1,112,26.8,66.1,-55,9.5,1695,t,,2026-08-24 18:24:37.176802+00
339,2,226,31.4,54,-41,9.75,3405,t,,2026-08-24 18:24:51.581088+00
340,1,113,26.8,66.2,-56,10,1710,t,,2026-08-24 18:24:52.176367+00
341,2,227,31.4,54,-40,9.75,3420,t,,2026-08-24 18:25:06.579695+00
342,1,114,26.9,66.3,-57,10.5,1725,t,,2026-08-24 18:25:07.177314+00
343,2,228,31.7,54,-40,9.75,3435,t,,2026-08-24 18:25:21.580263+00
344,1,115,26.8,65.7,-56,10,1740,t,,2026-08-24 18:25:22.175961+00
345,2,229,31.3,54,-41,9.75,3450,t,,2026-08-24 18:25:36.580689+00
346,1,116,26.8,65.4,-56,9.75,1755,t,,2026-08-24 18:25:37.1751+00
347,2,230,30.2,55,-39,10,3465,t,,2026-08-24 18:25:51.578572+00
348,1,117,26.8,65.2,-56,10,1770,t,,2026-08-24 18:25:52.175769+00
349,2,231,30.9,54,-42,9.75,3480,t,,2026-08-24 18:26:06.576358+00
350,1,118,26.8,64.8,-55,9.5,1785,t,,2026-08-24 18:26:07.174061+00
351,2,232,30,54,-39,9.75,3495,t,,2026-08-24 18:26:21.577481+00
352,1,119,26.8,64.6,-56,9.25,1800,t,,2026-08-24 18:26:22.172784+00
353,2,233,30,55,-56,8.5,3510,t,,2026-08-24 18:26:36.580064+00
354,1,120,26.8,64.6,-57,9.5,1815,t,,2026-08-24 18:26:37.195806+00
355,2,234,30.9,55,-56,8.5,3525,t,,2026-08-24 18:26:51.575865+00
356,1,121,26.8,65,-59,9.75,1830,t,,2026-08-24 18:26:52.172855+00
357,2,235,30.7,56,-52,9.75,3540,t,,2026-08-24 18:27:06.576664+00
358,1,122,26.8,65.1,-58,9.75,1845,t,,2026-08-24 18:27:07.173642+00
359,2,236,30.4,56,-57,8.5,3555,t,,2026-08-24 18:27:21.575188+00
360,1,123,26.8,65.2,-57,10.25,1860,t,,2026-08-24 18:27:22.172283+00
361,2,237,30.1,55,-58,9.5,3570,t,,2026-08-24 18:27:36.573847+00
362,1,124,26.8,65.6,-57,10,1875,t,,2026-08-24 18:27:37.170947+00
363,2,238,30.2,55,-39,9.5,3585,t,,2026-08-24 18:27:51.574625+00
364,1,125,26.8,65.7,-55,10.25,1890,t,,2026-08-24 18:27:52.172654+00
365,2,239,30.9,55,-52,9.75,3600,t,,2026-08-24 18:28:06.573488+00
366,1,126,26.8,65.6,-56,10.5,1905,t,,2026-08-24 18:28:07.171304+00
367,2,240,30.6,55,-48,10.5,3615,t,,2026-08-24 18:28:21.574709+00
368,1,127,26.8,65.6,-56,10.75,1920,t,,2026-08-24 18:28:22.172904+00
369,2,241,30.1,55,-40,10,3630,t,,2026-08-24 18:28:36.574166+00
370,1,128,26.8,65.8,-54,9.5,1935,t,,2026-08-24 18:28:37.179078+00
371,2,242,30.1,55,-51,10.25,3645,t,,2026-08-24 18:28:51.57221+00
372,1,129,26.9,66,-58,9.75,1950,t,,2026-08-24 18:28:52.170048+00
373,2,243,30,55,-45,9.5,3660,t,,2026-08-24 18:29:06.574718+00
374,1,130,26.9,66.1,-58,10,1965,t,,2026-08-24 18:29:07.17755+00
375,2,244,30.2,55,-41,9.25,3675,t,,2026-08-24 18:29:21.571598+00
376,1,131,26.9,67.6,-55,10.25,1980,t,,2026-08-24 18:29:22.170147+00
377,2,245,30,55,-38,10,3690,t,,2026-08-24 18:29:36.570672+00
378,1,132,26.9,67.2,-55,10,1995,t,,2026-08-24 18:29:37.169369+00
379,2,246,30.3,55,-53,9.5,3705,t,,2026-08-24 18:29:51.571259+00
380,1,133,26.9,66.6,-58,10,2010,t,,2026-08-24 18:29:52.169681+00
381,2,247,30.4,55,-54,9.75,3720,t,,2026-08-24 18:30:06.569339+00
382,1,134,26.9,66.1,-58,9.75,2025,t,,2026-08-24 18:30:07.169143+00
383,2,248,30,55,-53,9.5,3735,t,,2026-08-24 18:30:21.567918+00
384,1,135,26.9,65.5,-58,10.25,2040,t,,2026-08-24 18:30:22.17538+00
385,2,249,30.4,55,-53,10,3750,t,,2026-08-24 18:30:36.570483+00
386,1,136,26.9,65,-58,9.25,2055,t,,2026-08-24 18:30:37.170623+00
387,2,250,31,54,-53,10,3765,t,,2026-08-24 18:30:51.570284+00
388,1,137,26.9,64.8,-58,9.75,2070,t,,2026-08-24 18:30:52.168259+00
389,2,251,31.7,54,-52,10.25,3780,t,,2026-08-24 18:31:06.56956+00
390,1,138,26.9,64.6,-58,10,2085,t,,2026-08-24 18:31:07.167791+00
391,2,252,31.6,54,-52,9.5,3795,t,,2026-08-24 18:31:21.568258+00
392,1,139,26.8,64.5,-58,9.5,2100,t,,2026-08-24 18:31:22.16619+00
393,2,253,31.5,54,-53,9.75,3810,t,,2026-08-24 18:31:36.567574+00
394,1,140,26.9,64.5,-58,10.25,2115,t,,2026-08-24 18:31:37.169667+00
395,2,254,31.2,54,-53,9.5,3825,t,,2026-08-24 18:31:51.56789+00
396,1,141,26.9,64.5,-57,10.25,2130,t,,2026-08-24 18:31:52.16626+00
397,2,255,31.9,54,-56,9.25,3840,t,,2026-08-24 18:32:06.567496+00
398,1,142,26.9,64.3,-59,10.25,2145,t,,2026-08-24 18:32:07.16581+00
399,2,256,31.4,54,-56,9.5,3855,t,,2026-08-24 18:32:21.565406+00
400,1,143,27,64.6,-58,10.75,2160,t,,2026-08-24 18:32:22.166367+00
401,2,257,31.5,54,-55,10,3870,t,,2026-08-24 18:32:36.566447+00
402,1,144,27,64.5,-60,9.25,2175,t,,2026-08-24 18:32:37.165225+00
403,2,258,31,54,-52,10.25,3885,t,,2026-08-24 18:32:51.564993+00
404,1,145,27,65,-60,9.25,2190,t,,2026-08-24 18:32:52.165322+00
405,2,259,31.2,53,-54,10,3900,t,,2026-08-24 18:33:06.56334+00
406,1,146,27,64.6,-59,9.75,2205,t,,2026-08-24 18:33:07.165434+00
407,2,260,31.8,54,-55,12,3915,t,,2026-08-24 18:33:21.565066+00
408,1,147,27,64.2,-60,9.75,2220,t,,2026-08-24 18:33:22.163781+00
409,2,261,31.2,53,-53,9.75,3930,t,,2026-08-24 18:33:36.564242+00
410,1,148,27,64,-60,9.5,2235,t,,2026-08-24 18:33:37.165258+00
411,2,262,31.9,53,-48,10,3945,t,,2026-08-24 18:33:51.562806+00
412,1,149,27,63.9,-52,10,2250,t,,2026-08-24 18:33:52.163565+00
413,2,263,31.7,53,-48,10,3960,t,,2026-08-24 18:34:06.569857+00
414,1,150,27,63.9,-53,9.75,2265,t,,2026-08-24 18:34:07.18764+00
415,2,264,31.1,53,-52,9.75,3975,t,,2026-08-24 18:34:21.568786+00
416,1,151,26.9,63.9,-50,10,2280,t,,2026-08-24 18:34:22.164223+00
417,2,265,31.2,53,-52,9.25,3990,t,,2026-08-24 18:34:36.56093+00
418,1,152,26.9,64,-50,10.25,2295,t,,2026-08-24 18:34:37.162715+00
419,2,266,31.3,53,-51,9.5,4005,t,,2026-08-24 18:34:51.561548+00
420,1,153,26.9,64.5,-51,9.25,2310,t,,2026-08-24 18:34:52.160875+00
421,2,267,31.7,54,-51,10.25,4020,t,,2026-08-24 18:35:06.561528+00
422,1,154,26.9,64.7,-50,9.75,2325,t,,2026-08-24 18:35:07.16289+00
423,2,268,31.2,54,-53,9.75,4035,t,,2026-08-24 18:35:21.562053+00
424,1,155,26.9,65.2,-50,9.25,2340,t,,2026-08-24 18:35:22.162199+00
425,2,269,30.6,55,-53,9.75,4050,t,,2026-08-24 18:35:36.560786+00
426,1,156,26.8,65.7,-49,9.75,2355,t,,2026-08-24 18:35:37.161448+00
427,2,270,30.1,55,-53,10,4065,t,,2026-08-24 18:35:51.559363+00
428,1,157,26.8,66.1,-49,9.5,2370,t,,2026-08-24 18:35:52.161556+00
429,2,271,30.3,55,-53,10,4080,t,,2026-08-24 18:36:06.56081+00
430,1,158,26.8,66.3,-50,9.5,2385,t,,2026-08-24 18:36:07.160097+00
431,2,272,30.2,55,-51,11.75,4095,t,,2026-08-24 18:36:21.560531+00
432,1,159,26.8,66.5,-51,9.25,2400,t,,2026-08-24 18:36:22.160591+00
433,2,273,30.9,55,-51,9.75,4110,t,,2026-08-24 18:36:36.563692+00
434,1,160,26.8,66.5,-50,9.5,2415,t,,2026-08-24 18:36:37.163246+00
435,2,274,30,55,-51,9.5,4125,t,,2026-08-24 18:36:51.636131+00
436,1,161,26.8,66.5,-50,9.25,2430,t,,2026-08-24 18:36:52.261192+00
437,2,275,30,55,-51,9.75,4140,t,,2026-08-24 18:37:06.557033+00
438,1,162,26.8,66.7,-51,9.75,2445,t,,2026-08-24 18:37:07.159063+00
439,2,276,30.9,55,-51,9.5,4155,t,,2026-08-24 18:37:21.556551+00
440,1,163,26.8,66.8,-50,9.5,2460,t,,2026-08-24 18:37:22.158484+00
441,2,277,30.8,55,-50,9.25,4170,t,,2026-08-24 18:37:36.557169+00
442,1,164,26.7,66.7,-50,9.25,2475,t,,2026-08-24 18:37:37.159616+00
443,2,278,30.3,55,-50,9.5,4185,t,,2026-08-24 18:37:51.555745+00
444,1,165,26.7,66.5,-50,9.25,2490,t,,2026-08-24 18:37:52.158346+00
445,2,279,30.4,55,-51,9.5,4200,t,,2026-08-24 18:38:06.554655+00
446,1,166,26.7,66.5,-50,9.25,2505,t,,2026-08-24 18:38:07.15686+00
447,2,280,30.3,55,-50,9,4215,t,,2026-08-24 18:38:21.556048+00
448,1,167,26.7,66.6,-51,9.25,2520,t,,2026-08-24 18:38:22.158042+00
449,2,281,30.2,55,-50,9.25,4230,t,,2026-08-24 18:38:36.554539+00
450,1,168,26.7,66.7,-50,10,2535,t,,2026-08-24 18:38:37.155663+00
451,2,282,30.1,55,-52,9.75,4245,t,,2026-08-24 18:38:51.555418+00
452,1,169,26.7,66.8,-49,9.5,2550,t,,2026-08-24 18:38:52.156914+00
453,2,283,30,55,-49,9.75,4260,t,,2026-08-24 18:39:06.557263+00
454,1,170,26.7,66.9,-50,9.75,2565,t,,2026-08-24 18:39:07.162438+00
455,2,284,30.8,56,-49,10.25,4275,t,,2026-08-24 18:39:21.717677+00
456,1,171,26.7,67.4,-50,10,2580,t,,2026-08-24 18:39:22.404147+00
457,2,285,30.8,55,-48,10,4290,t,,2026-08-24 18:39:36.632251+00
458,1,172,26.7,67.5,-49,9.5,2595,t,,2026-08-24 18:39:37.179549+00
459,2,286,30.5,55,-48,10,4305,t,,2026-08-24 18:39:51.555608+00
460,1,173,26.7,67.4,-50,9.5,2610,t,,2026-08-24 18:39:52.155748+00
461,2,287,30.1,55,-47,9.75,4320,t,,2026-08-24 18:40:06.551659+00
462,1,174,26.7,66.9,-50,9.75,2625,t,,2026-08-24 18:40:07.156728+00
463,2,288,30.9,55,-48,9.75,4335,t,,2026-08-24 18:40:21.574644+00
464,1,175,26.7,66.4,-50,9.5,2640,t,,2026-08-24 18:40:22.219176+00
465,2,289,30.9,55,-48,9.25,4350,t,,2026-08-24 18:40:36.579102+00
466,1,176,26.8,66.3,-50,9.5,2655,t,,2026-08-24 18:40:37.154068+00
467,2,290,30.8,56,-47,9.5,4365,t,,2026-08-24 18:40:51.550856+00
468,1,177,26.8,66.4,-54,9.75,2670,t,,2026-08-24 18:40:52.195467+00
469,2,291,30.8,56,-48,9.5,4380,t,,2026-08-24 18:41:06.550722+00
470,1,178,26.8,66.7,-51,9.5,2685,t,,2026-08-24 18:41:07.152619+00
471,2,292,30.9,55,-49,9.5,4395,t,,2026-08-24 18:41:21.550058+00
472,1,179,26.8,66.3,-51,9.5,2700,t,,2026-08-24 18:41:22.152106+00
473,2,293,30,55,-50,9.75,4410,t,,2026-08-24 18:41:36.54833+00
474,1,180,26.8,66.4,-51,9.75,2715,t,,2026-08-24 18:41:37.153266+00
475,2,294,30.2,55,-50,9.5,4425,t,,2026-08-24 18:41:51.551639+00
476,1,181,26.8,66.5,-51,10.75,2730,t,,2026-08-24 18:41:52.157391+00
477,2,295,30.2,55,-49,9.25,4440,t,,2026-08-24 18:42:06.548218+00
478,1,182,26.8,66.5,-50,9.75,2745,t,,2026-08-24 18:42:07.152369+00
479,2,296,30.3,55,-51,9.5,4455,t,,2026-08-24 18:42:21.549037+00
480,1,183,26.8,66.5,-51,10.5,2760,t,,2026-08-24 18:42:22.151699+00
481,2,297,30.1,56,-50,9.5,4470,t,,2026-08-24 18:42:36.547246+00
482,1,184,26.8,66.3,-51,10,2775,t,,2026-08-24 18:42:37.150631+00
483,2,298,30.3,55,-49,10,4485,t,,2026-08-24 18:42:51.546152+00
484,1,185,26.8,66.4,-51,9.5,2790,t,,2026-08-24 18:42:52.151601+00
485,2,299,30,56,-50,9.25,4500,t,,2026-08-24 18:43:06.547104+00
486,1,186,26.8,66.5,-51,9.75,2805,t,,2026-08-24 18:43:07.150431+00
487,2,300,30.4,56,-49,9.25,4515,t,,2026-08-24 18:43:21.546062+00
488,1,187,26.8,66.5,-52,9.5,2820,t,,2026-08-24 18:43:22.149684+00
489,2,301,30.1,55,-50,9.5,4530,t,,2026-08-24 18:43:36.546265+00
490,1,188,26.8,66.6,-52,9.75,2835,t,,2026-08-24 18:43:37.151139+00
491,1,189,26.8,66.7,-51,10,2850,t,,2026-08-24 18:43:52.150631+00
492,2,303,30.9,55,-50,9.75,4560,t,,2026-08-24 18:44:06.561807+00
493,1,190,26.9,66.7,-51,9.5,2865,t,,2026-08-24 18:44:07.201824+00
494,2,304,30.3,55,-50,9.5,4575,t,,2026-08-24 18:44:21.546835+00
495,1,191,26.9,66.4,-52,9.5,2880,t,,2026-08-24 18:44:22.160058+00
496,2,305,30.2,55,-50,9.25,4590,t,,2026-08-24 18:44:36.543801+00
497,1,192,26.9,66.5,-51,9.75,2895,t,,2026-08-24 18:44:37.153804+00
498,2,306,31.1,55,-49,10,4605,t,,2026-08-24 18:44:51.548846+00
499,1,193,26.9,66.5,-51,9.25,2910,t,,2026-08-24 18:44:52.149057+00
500,2,307,31.9,55,-40,9.5,4620,t,,2026-08-24 18:45:06.542513+00
501,1,194,26.9,66.6,-51,9.5,2925,t,,2026-08-24 18:45:07.148044+00
502,2,308,31.2,54,-46,9.5,4635,t,,2026-08-24 18:45:21.542342+00
503,1,195,26.9,66.6,-51,9.5,2940,t,,2026-08-24 18:45:22.183668+00
504,2,309,31.6,54,-49,9.5,4650,t,,2026-08-24 18:45:36.541476+00
505,1,196,26.9,66.3,-51,9.75,2955,t,,2026-08-24 18:45:37.147499+00
506,2,310,31.3,55,-48,10,4665,t,,2026-08-24 18:45:51.542243+00
507,1,197,26.9,66,-51,10.25,2970,t,,2026-08-24 18:45:52.145977+00
508,2,311,31.8,55,-49,9.75,4680,t,,2026-08-24 18:46:06.542227+00
509,1,198,26.9,65.8,-52,9.75,2985,t,,2026-08-24 18:46:07.147068+00
510,2,312,31.3,55,-49,9.5,4695,t,,2026-08-24 18:46:21.539487+00
511,1,199,26.9,66,-52,11,3000,t,,2026-08-24 18:46:22.145668+00
512,2,313,31.7,54,-49,9.75,4710,t,,2026-08-24 18:46:36.55704+00
513,1,200,27,66.1,-51,10,3015,t,,2026-08-24 18:46:37.144345+00
514,2,314,31.8,55,-51,9,4725,t,,2026-08-24 18:46:51.581672+00
515,1,201,26.9,66.3,-52,9.75,3030,t,,2026-08-24 18:46:52.226487+00
516,2,315,31.5,55,-51,9.5,4740,t,,2026-08-24 18:47:06.545096+00
517,1,202,26.9,66.4,-50,9.5,3045,t,,2026-08-24 18:47:07.147538+00
518,2,316,31.6,54,-48,9.75,4755,t,,2026-08-24 18:47:21.539503+00
519,1,203,26.9,66.3,-51,9.5,3060,t,,2026-08-24 18:47:22.145795+00
520,2,317,31.5,54,-51,9.25,4770,t,,2026-08-24 18:47:36.537706+00
521,1,204,26.9,67.1,-53,10,3075,t,,2026-08-24 18:47:38.586364+00
522,1,25,24.5,59.8,-67,10.25,390,t,,2026-08-27 18:34:09.39097+00
523,1,26,24.5,59.8,-68,9.5,405,t,,2026-08-27 18:34:24.39154+00
524,1,27,24.5,59.9,-68,9.5,420,t,,2026-08-27 18:34:39.38843+00
525,2,0,0.5,0,-34,10,15,t,,2026-08-27 18:34:50.704161+00
526,1,28,24.5,59.9,-68,10,435,t,,2026-08-27 18:34:54.398192+00
527,2,1,28.8,54,-34,10,30,t,,2026-08-27 18:35:05.706309+00
528,1,29,24.5,59.8,-68,10,450,t,,2026-08-27 18:35:09.393799+00
529,2,2,28.2,54,-34,9.75,45,t,,2026-08-27 18:35:20.703984+00
530,1,30,24.5,59.8,-68,10,465,t,,2026-08-27 18:35:24.390675+00
531,2,3,28.7,54,-33,10,60,t,,2026-08-27 18:35:35.705198+00
532,1,31,24.5,59.7,-68,9.5,480,t,,2026-08-27 18:35:39.392199+00
533,2,4,28.6,54,-34,10,75,t,,2026-08-27 18:35:50.704148+00
534,1,32,24.5,59.7,-68,9.5,495,t,,2026-08-27 18:35:54.389176+00
535,2,5,28.5,53,-34,10,90,t,,2026-08-27 18:36:05.704711+00
536,1,33,24.5,59.6,-68,9.75,510,t,,2026-08-27 18:36:09.388388+00
537,2,6,28.3,54,-34,10,105,t,,2026-08-27 18:36:20.704445+00
538,1,34,24.5,59.6,-68,9.25,525,t,,2026-08-27 18:36:24.388023+00
539,2,7,28.8,54,-33,9.75,120,t,,2026-08-27 18:36:35.70342+00
540,1,35,24.5,59.5,-68,9,540,t,,2026-08-27 18:36:39.387717+00
541,2,8,28,53,-36,9.25,135,t,,2026-08-27 18:36:50.702994+00
542,1,36,24.5,59.5,-67,9.75,555,t,,2026-08-27 18:36:54.387238+00
543,2,9,28.2,53,-79,9.5,150,t,,2026-08-27 18:37:05.702736+00
544,1,37,24.6,59.4,-67,10,570,t,,2026-08-27 18:37:09.385334+00
545,2,10,28,53,-98,4,165,t,,2026-08-27 18:37:20.70168+00
546,1,38,24.5,59.6,-67,9.75,585,t,,2026-08-27 18:37:24.39201+00
547,2,11,28.8,53,-104,-8.75,180,t,,2026-08-27 18:37:35.701674+00
548,1,39,24.5,59.5,-67,10,600,t,,2026-08-27 18:37:39.386558+00
549,2,12,28.1,54,-100,1.75,195,t,,2026-08-27 18:37:50.70038+00
550,1,40,24.5,59.4,-67,9.75,615,t,,2026-08-27 18:37:54.385026+00
551,2,13,28.2,54,-102,-1.5,210,t,,2026-08-27 18:38:05.701475+00
552,1,41,24.5,59.4,-68,9.5,630,t,,2026-08-27 18:38:09.386384+00
553,2,14,28.2,54,-102,-2.5,225,t,,2026-08-27 18:38:20.700517+00
554,1,42,24.5,59.4,-67,9.75,645,t,,2026-08-27 18:38:24.384813+00
555,2,15,28.2,54,-103,-6.5,240,t,,2026-08-27 18:38:35.699586+00
556,1,43,24.5,59.4,-67,10,660,t,,2026-08-27 18:38:39.384297+00
557,2,16,28.1,54,-103,-4.75,255,t,,2026-08-27 18:38:50.699534+00
558,1,44,24.5,59.4,-67,9.5,675,t,,2026-08-27 18:38:54.384187+00
559,2,17,28.7,54,-103,-5,270,t,,2026-08-27 18:39:05.6986+00
560,1,45,24.5,59.3,-67,10.25,690,t,,2026-08-27 18:39:09.384354+00
561,2,18,28.9,54,-102,-1.75,285,t,,2026-08-27 18:39:20.698831+00
562,1,46,24.5,59.4,-67,10,705,t,,2026-08-27 18:39:24.382789+00
563,2,19,28,54,-102,-2.75,300,t,,2026-08-27 18:39:35.699468+00
564,1,47,24.5,59.4,-67,9.5,720,t,,2026-08-27 18:39:39.386517+00
565,2,20,28,54,-102,-3.25,315,t,,2026-08-27 18:39:50.697918+00
566,1,48,24.5,59.3,-67,9.75,735,t,,2026-08-27 18:39:54.382832+00
567,2,21,28,54,-103,-2.25,330,t,,2026-08-27 18:40:05.6975+00
568,1,49,24.4,59.3,-67,10.75,750,t,,2026-08-27 18:40:09.381573+00
569,2,22,28.7,54,-103,-3.75,345,t,,2026-08-27 18:40:20.69835+00
570,1,50,24.5,59.3,-67,10,765,t,,2026-08-27 18:40:24.381311+00
571,2,23,27.9,54,-103,-2.5,360,t,,2026-08-27 18:40:35.69659+00
572,1,51,24.5,59.4,-67,9.75,780,t,,2026-08-27 18:40:39.383698+00
573,2,24,27.3,54,-102,-3,375,t,,2026-08-27 18:40:50.695545+00
574,1,52,24.5,59.3,-67,10,795,t,,2026-08-27 18:40:54.380656+00
575,2,25,27,54,-103,-3.5,390,t,,2026-08-27 18:41:05.694092+00
576,1,53,24.5,59.3,-67,9.5,810,t,,2026-08-27 18:41:09.379976+00
577,2,26,27.3,54,-102,-2.75,405,t,,2026-08-27 18:41:20.699104+00
578,1,54,24.5,59.3,-67,10,825,t,,2026-08-27 18:41:24.37998+00
579,2,27,27.2,54,-101,-0.25,420,t,,2026-08-27 18:41:35.694781+00
580,1,55,24.5,59.3,-67,10,840,t,,2026-08-27 18:41:39.378771+00
581,2,28,27.2,54,-101,-0.25,435,t,,2026-08-27 18:41:50.695386+00
582,1,56,24.5,59.7,-67,10.5,855,t,,2026-08-27 18:41:54.380361+00
583,2,29,27,54,-101,-0.5,450,t,,2026-08-27 18:42:05.692786+00
584,1,57,24.5,59.7,-68,9.75,870,t,,2026-08-27 18:42:09.379824+00
585,2,30,27.3,54,-101,-0.5,465,t,,2026-08-27 18:42:20.69343+00
586,1,58,24.5,59.6,-68,9.5,885,t,,2026-08-27 18:42:24.379823+00
587,2,31,27.7,54,-102,-0.75,480,t,,2026-08-27 18:42:35.692268+00
588,1,59,24.5,59.6,-67,9.75,900,t,,2026-08-27 18:42:39.378826+00
589,2,32,27.4,54,-100,2.25,495,t,,2026-08-27 18:42:50.692279+00
590,1,60,24.5,59.5,-67,9.75,915,t,,2026-08-27 18:42:54.378401+00
591,2,33,27.8,54,-102,-1.5,510,t,,2026-08-27 18:43:05.692282+00
592,1,61,24.4,59.5,-67,9.75,930,t,,2026-08-27 18:43:09.377818+00
593,2,34,27.2,54,-101,-1.5,525,t,,2026-08-27 18:43:20.69194+00
594,1,62,24.4,59.5,-67,9.25,945,t,,2026-08-27 18:43:24.37989+00
595,2,35,27.4,55,-100,2,540,t,,2026-08-27 18:43:35.691092+00
596,1,63,24.4,59.5,-67,10,960,t,,2026-08-27 18:43:39.376861+00
597,2,36,27.1,54,-101,1.5,555,t,,2026-08-27 18:43:50.689873+00
598,1,64,24.4,59.5,-67,9.5,975,t,,2026-08-27 18:43:54.376947+00
599,2,37,27.3,54,-100,1.5,570,t,,2026-08-27 18:44:05.689673+00
600,1,65,24.4,59.4,-67,9.75,990,t,,2026-08-27 18:44:09.377987+00
601,2,38,27.1,55,-100,2,585,t,,2026-08-27 18:44:20.687708+00
602,1,66,24.4,59.4,-67,10,1005,t,,2026-08-27 18:44:24.375934+00
603,2,39,27.3,55,-100,2.25,600,t,,2026-08-27 18:44:35.688737+00
604,1,67,24.4,59.4,-67,9.5,1020,t,,2026-08-27 18:44:39.376327+00
605,1,68,24.4,59.4,-67,9.5,1035,t,,2026-08-27 18:44:54.376075+00
606,2,41,27.7,55,-100,2.5,630,t,,2026-08-27 18:45:05.687448+00
607,1,69,24.5,59.4,-67,9.5,1050,t,,2026-08-27 18:45:09.375973+00
608,2,42,27.5,55,-100,2.5,645,t,,2026-08-27 18:45:20.688116+00
609,1,70,24.4,59.4,-67,10,1065,t,,2026-08-27 18:45:24.375788+00
610,2,43,27.4,55,-101,1.5,660,t,,2026-08-27 18:45:35.687686+00
611,1,71,24.5,59.4,-68,9.75,1080,t,,2026-08-27 18:45:39.374678+00
612,2,44,27.7,55,-100,1.25,675,t,,2026-08-27 18:45:50.686803+00
613,1,72,24.4,59.4,-68,9.5,1095,t,,2026-08-27 18:45:54.374022+00
614,2,45,28,55,-103,-2.75,690,t,,2026-08-27 18:46:05.686146+00
615,1,73,24.5,59.5,-67,9.75,1110,t,,2026-08-27 18:46:09.373262+00
616,2,46,28.1,55,-101,1,705,t,,2026-08-27 18:46:20.685085+00
617,1,74,24.5,59.5,-67,9.5,1125,t,,2026-08-27 18:46:24.373061+00
618,2,47,28.7,56,-102,-2.75,720,t,,2026-08-27 18:46:35.684874+00
619,1,75,24.5,59.8,-67,9.75,1140,t,,2026-08-27 18:46:39.373525+00
620,2,48,28.4,55,-103,-2.75,735,t,,2026-08-27 18:46:50.686966+00
621,1,76,24.5,59.8,-68,9.75,1155,t,,2026-08-27 18:46:54.373613+00
622,2,49,28.7,55,-103,-2.75,750,t,,2026-08-27 18:47:05.684405+00
623,1,77,24.5,59.7,-67,10,1170,t,,2026-08-27 18:47:09.374631+00
624,2,50,28,55,-102,-3,765,t,,2026-08-27 18:47:20.682478+00
625,1,78,24.5,59.7,-68,9.75,1185,t,,2026-08-27 18:47:24.372958+00
626,2,51,28.5,54,-103,-2.75,780,t,,2026-08-27 18:47:35.683159+00
627,1,79,24.4,59.6,-68,9.5,1200,t,,2026-08-27 18:47:39.377794+00
628,2,52,28.8,54,-102,-2,795,t,,2026-08-27 18:47:50.680853+00
629,1,80,24.4,59.6,-67,10.25,1215,t,,2026-08-27 18:47:54.371671+00
630,2,53,28.8,54,-102,-2,810,t,,2026-08-27 18:48:05.682506+00
631,1,81,24.4,59.6,-67,9.5,1230,t,,2026-08-27 18:48:09.370529+00
632,2,54,28.9,55,-102,-2.75,825,t,,2026-08-27 18:48:20.681672+00
633,1,82,24.4,59.6,-67,10.25,1245,t,,2026-08-27 18:48:24.371591+00
634,2,55,28,55,-103,-2.25,840,t,,2026-08-27 18:48:35.680731+00
635,1,83,24.4,59.7,-67,9.5,1260,t,,2026-08-27 18:48:39.370619+00
636,2,56,28.7,54,-102,-2.5,855,t,,2026-08-27 18:48:50.679166+00
637,1,84,24.4,59.7,-67,9.75,1275,t,,2026-08-27 18:48:54.370541+00
638,2,57,28.2,54,-102,-2.5,870,t,,2026-08-27 18:49:05.680071+00
639,1,85,24.4,59.7,-68,9.25,1290,t,,2026-08-27 18:49:09.37052+00
640,2,58,28,55,-103,-2.5,885,t,,2026-08-27 18:49:20.680562+00
641,1,86,24.4,59.7,-67,9.75,1305,t,,2026-08-27 18:49:24.371856+00
642,2,59,28,55,-103,-3,900,t,,2026-08-27 18:49:35.680199+00
643,1,87,24.4,59.8,-67,9.75,1320,t,,2026-08-27 18:49:39.36896+00
644,2,60,28.9,55,-102,-3,915,t,,2026-08-27 18:49:50.679652+00
645,1,88,24.4,59.8,-67,10,1335,t,,2026-08-27 18:49:54.368932+00
646,2,61,28.8,55,-102,-2.5,930,t,,2026-08-27 18:50:05.67899+00
647,1,89,24.4,59.8,-67,9.5,1350,t,,2026-08-27 18:50:09.368708+00
648,2,62,28.7,55,-103,-2.5,945,t,,2026-08-27 18:50:20.683864+00
649,1,90,24.4,59.8,-68,9.75,1365,t,,2026-08-27 18:50:24.368912+00
650,2,63,28.6,55,-103,-2.75,960,t,,2026-08-27 18:50:35.677117+00
651,1,91,24.4,59.9,-67,10,1380,t,,2026-08-27 18:50:39.367294+00
652,1,92,24.4,59.9,-67,9.5,1395,t,,2026-08-27 18:50:54.366629+00
653,2,65,28.1,55,-100,1.25,990,t,,2026-08-27 18:51:05.676706+00
654,1,93,24.4,59.9,-67,9.75,1410,t,,2026-08-27 18:51:09.36707+00
655,2,66,28.2,55,-102,-2.25,1005,t,,2026-08-27 18:51:20.675863+00
656,1,94,24.4,59.9,-67,10.25,1425,t,,2026-08-27 18:51:24.36651+00
657,2,67,28.1,55,-102,-2.5,1020,t,,2026-08-27 18:51:35.675352+00
658,1,95,24.4,59.9,-67,9.75,1440,t,,2026-08-27 18:51:39.365997+00
659,2,68,28.9,55,-102,-1.5,1035,t,,2026-08-27 18:51:50.676155+00
660,1,96,24.4,59.9,-68,10,1455,t,,2026-08-27 18:51:54.366115+00
661,2,69,28.6,55,-102,-1.75,1050,t,,2026-08-27 18:52:05.673382+00
662,1,97,24.4,59.8,-67,9.5,1470,t,,2026-08-27 18:52:09.364832+00
663,2,70,28.4,55,-102,-1.25,1065,t,,2026-08-27 18:52:20.675209+00
664,1,98,24.3,59.9,-67,9.5,1485,t,,2026-08-27 18:52:24.365839+00
665,2,71,28.1,55,-102,-1,1080,t,,2026-08-27 18:52:35.6747+00
666,1,99,24.4,60,-67,10.25,1500,t,,2026-08-27 18:52:39.364116+00
667,2,72,28.9,55,-101,-0.75,1095,t,,2026-08-27 18:52:50.674988+00
668,1,100,24.4,60.2,-67,9.5,1515,t,,2026-08-27 18:52:54.364385+00
669,2,73,28.6,55,-100,0.75,1110,t,,2026-08-27 18:53:05.67197+00
670,1,101,24.4,60.1,-67,9.75,1530,t,,2026-08-27 18:53:09.364464+00
671,2,74,28.4,55,-100,-0.5,1125,t,,2026-08-27 18:53:20.673064+00
672,1,102,24.4,60,-67,9.75,1545,t,,2026-08-27 18:53:24.364009+00
673,2,75,28.7,55,-100,1.75,1140,t,,2026-08-27 18:53:35.670829+00
674,1,103,24.4,59.9,-67,10,1560,t,,2026-08-27 18:53:39.366652+00
675,2,76,28.7,54,-102,-1.25,1155,t,,2026-08-27 18:53:50.672018+00
676,1,104,24.3,59.8,-67,10.25,1575,t,,2026-08-27 18:53:54.362824+00
677,2,77,28.6,54,-101,0.5,1170,t,,2026-08-27 18:54:05.678717+00
678,1,105,24.4,59.7,-67,10.25,1590,t,,2026-08-27 18:54:09.363038+00
679,2,78,28.8,55,-102,-1.5,1185,t,,2026-08-27 18:54:20.670877+00
680,1,106,24.4,59.7,-67,10,1605,t,,2026-08-27 18:54:24.362179+00
681,2,79,28.8,55,-101,-0.25,1200,t,,2026-08-27 18:54:35.670885+00
682,1,107,24.4,59.6,-67,10,1620,t,,2026-08-27 18:54:39.363603+00
683,2,80,28.8,55,-101,-0.75,1215,t,,2026-08-27 18:54:50.670604+00
684,1,108,24.4,59.6,-67,9.5,1635,t,,2026-08-27 18:54:54.361644+00
685,2,81,28.5,55,-102,-0.5,1230,t,,2026-08-27 18:55:05.669469+00
686,1,109,24.4,59.5,-67,9.25,1650,t,,2026-08-27 18:55:09.369947+00
687,2,82,28.1,55,-101,-0.75,1245,t,,2026-08-27 18:55:20.668653+00
688,1,110,24.4,59.5,-67,9.5,1665,t,,2026-08-27 18:55:24.361484+00
689,2,83,28.2,54,-102,-1,1260,t,,2026-08-27 18:55:35.668963+00
690,1,111,24.4,59.4,-67,9.5,1680,t,,2026-08-27 18:55:39.360829+00
691,2,84,28.2,54,-100,1.25,1275,t,,2026-08-27 18:55:50.666762+00
692,1,112,24.4,59.3,-67,9.5,1695,t,,2026-08-27 18:55:54.360472+00
693,2,85,28,55,-100,0.75,1290,t,,2026-08-27 18:56:05.666565+00
694,1,113,24.4,59.2,-67,9.75,1710,t,,2026-08-27 18:56:09.358576+00
695,2,86,28.2,55,-101,1.5,1305,t,,2026-08-27 18:56:20.667269+00
696,1,114,24.4,59.1,-67,9.5,1725,t,,2026-08-27 18:56:24.360239+00
697,2,87,28.6,55,-100,2,1320,t,,2026-08-27 18:56:35.667397+00
698,1,115,24.4,59.1,-67,10,1740,t,,2026-08-27 18:56:39.358377+00
699,2,88,28.1,55,-101,-0.25,1335,t,,2026-08-27 18:56:50.666552+00
700,1,116,24.4,59.2,-68,9.75,1755,t,,2026-08-27 18:56:54.358947+00
701,2,89,28.1,55,-102,-2,1350,t,,2026-08-27 18:57:05.665879+00
702,1,117,24.3,59.2,-67,10.25,1770,t,,2026-08-27 18:57:09.358231+00
703,2,90,28,54,-103,-3,1365,t,,2026-08-27 18:57:20.665068+00
704,1,118,24.3,59.2,-69,10.25,1785,t,,2026-08-27 18:57:24.358184+00
705,2,91,28.7,54,-102,-1,1380,t,,2026-08-27 18:57:35.663413+00
706,1,119,24.3,59.3,-69,9.75,1800,t,,2026-08-27 18:57:39.360138+00
707,2,92,28.7,54,-102,-0.75,1395,t,,2026-08-27 18:57:50.66578+00
708,1,120,24.3,59.4,-69,9.75,1815,t,,2026-08-27 18:57:54.355711+00
709,2,93,28.6,54,-100,0.75,1410,t,,2026-08-27 18:58:05.665126+00
710,1,121,24.3,59.4,-69,9.75,1830,t,,2026-08-27 18:58:09.355315+00
711,2,94,28.7,54,-102,-1.75,1425,t,,2026-08-27 18:58:20.663415+00
712,1,122,24.3,59.4,-68,10.25,1845,t,,2026-08-27 18:58:24.356714+00
713,2,95,28,54,-101,-0.5,1440,t,,2026-08-27 18:58:35.661192+00
714,1,123,24.3,59.4,-68,9.5,1860,t,,2026-08-27 18:58:39.356069+00
715,2,96,28.8,54,-101,-0.5,1455,t,,2026-08-27 18:58:50.662526+00
716,1,124,24.3,59.4,-69,9.75,1875,t,,2026-08-27 18:58:54.356274+00
717,2,97,28.3,54,-102,-1.25,1470,t,,2026-08-27 18:59:05.662573+00
718,1,125,24.3,59.3,-69,9.5,1890,t,,2026-08-27 18:59:09.35569+00
719,2,98,28.5,55,-101,0,1485,t,,2026-08-27 18:59:20.666185+00
720,1,126,24.3,59.3,-69,9.75,1905,t,,2026-08-27 18:59:24.354719+00
721,2,99,28.6,54,-102,-1.25,1500,t,,2026-08-27 18:59:35.662166+00
722,1,127,24.3,59.3,-68,10,1920,t,,2026-08-27 18:59:39.356299+00
723,2,100,28.8,54,-102,-2.5,1515,t,,2026-08-27 18:59:50.66505+00
724,1,128,24.3,59.3,-69,9.75,1935,t,,2026-08-27 18:59:54.35559+00
725,2,101,28.7,54,-102,-2,1530,t,,2026-08-27 19:00:05.660034+00
726,1,129,24.3,59.2,-68,9.75,1950,t,,2026-08-27 19:00:09.354949+00
727,2,102,28.2,54,-102,-1.75,1545,t,,2026-08-27 19:00:20.662306+00
728,1,130,24.3,59.2,-69,9.5,1965,t,,2026-08-27 19:00:24.353427+00
729,2,103,28.3,54,-103,-3,1560,t,,2026-08-27 19:00:35.660382+00
730,1,131,24.3,59.2,-68,9.75,1980,t,,2026-08-27 19:00:39.35397+00
731,2,104,28,54,-104,-5.5,1575,t,,2026-08-27 19:00:50.658506+00
732,1,132,24.3,59.2,-69,9.75,1995,t,,2026-08-27 19:00:54.358401+00
733,2,105,28.5,54,-102,-1.25,1590,t,,2026-08-27 19:01:05.657503+00
734,1,133,24.3,59.2,-68,9.75,2010,t,,2026-08-27 19:01:09.353864+00
735,2,106,28.2,55,-103,-3.25,1605,t,,2026-08-27 19:01:20.663585+00
736,1,134,24.3,59.2,-68,9.75,2025,t,,2026-08-27 19:01:24.351385+00
737,2,107,28.9,55,-102,-3.5,1620,t,,2026-08-27 19:01:35.658749+00
738,1,135,24.3,59.2,-69,9.75,2040,t,,2026-08-27 19:01:39.351756+00
739,2,108,28.2,55,-102,-1.75,1635,t,,2026-08-27 19:01:50.657379+00
740,1,136,24.3,59.2,-72,9.5,2055,t,,2026-08-27 19:01:54.351513+00
741,2,109,28.4,55,-106,-7,1650,t,,2026-08-27 19:02:05.65542+00
742,1,137,24.3,59.2,-73,9.25,2070,t,,2026-08-27 19:02:09.353247+00
743,2,110,28.3,54,-105,-6.5,1665,t,,2026-08-27 19:02:20.657511+00
744,1,138,24.3,59.2,-73,10,2085,t,,2026-08-27 19:02:24.351976+00
745,2,111,28,54,-106,-6,1680,t,,2026-08-27 19:02:35.655435+00
746,1,139,24.3,59.2,-72,10.25,2100,t,,2026-08-27 19:02:39.350358+00
747,2,112,28.7,54,-105,-2,1695,t,,2026-08-27 19:02:50.654599+00
748,1,140,24.3,59.2,-70,9.5,2115,t,,2026-08-27 19:02:54.3506+00
749,2,113,28.6,54,-104,-7.5,1710,t,,2026-08-27 19:03:05.658357+00
750,1,141,24.3,59.2,-67,9.5,2130,t,,2026-08-27 19:03:09.350227+00
751,1,142,24.3,59.2,-67,9.75,2145,t,,2026-08-27 19:03:24.353121+00
752,2,115,28.5,54,-101,-0.75,1740,t,,2026-08-27 19:03:35.65576+00
753,1,143,24.3,59.1,-67,9.75,2160,t,,2026-08-27 19:03:39.34864+00
754,2,116,28,54,-101,-1.25,1755,t,,2026-08-27 19:03:50.653159+00
755,1,144,24.3,59.1,-67,9.5,2175,t,,2026-08-27 19:03:54.347326+00
756,2,117,28.8,54,-102,-2.75,1770,t,,2026-08-27 19:04:05.654472+00
757,1,145,24.3,59.1,-68,9.5,2190,t,,2026-08-27 19:04:09.349565+00
758,2,118,28.4,54,-102,-2.5,1785,t,,2026-08-27 19:04:20.652223+00
759,1,146,24.3,59.1,-65,10.25,2205,t,,2026-08-27 19:04:24.351258+00
760,2,119,28.7,54,-101,-2.75,1800,t,,2026-08-27 19:04:35.651151+00
761,1,147,24.2,59.3,-65,10.5,2220,t,,2026-08-27 19:04:39.349818+00
762,2,120,28.7,54,-101,-2.5,1815,t,,2026-08-27 19:04:50.651644+00
763,1,148,24.2,59.3,-64,9.5,2235,t,,2026-08-27 19:04:54.348487+00
764,2,121,28.7,54,-98,2.25,1830,t,,2026-08-27 19:05:05.650816+00
765,1,149,24.2,59.3,-64,10.75,2250,t,,2026-08-27 19:05:09.347581+00
766,2,122,28.6,54,-101,-0.25,1845,t,,2026-08-27 19:05:20.651138+00
767,1,150,24.2,59.4,-64,10,2265,t,,2026-08-27 19:05:24.346848+00
768,2,123,28,54,-98,3,1860,t,,2026-08-27 19:05:35.64956+00
769,1,151,24.2,59.3,-65,10,2280,t,,2026-08-27 19:05:39.347028+00
770,2,124,28.9,54,-102,-3.5,1875,t,,2026-08-27 19:05:50.648851+00
771,1,152,24.2,59.5,-65,9.75,2295,t,,2026-08-27 19:05:54.346202+00
772,2,125,28.9,54,-101,-2.25,1890,t,,2026-08-27 19:06:05.649285+00
773,1,153,24.2,59.5,-64,9.5,2310,t,,2026-08-27 19:06:09.3472+00
774,2,126,28.4,54,-100,-1.5,1905,t,,2026-08-27 19:06:20.649258+00
775,1,154,24.2,59.4,-64,10.25,2325,t,,2026-08-27 19:06:24.345153+00
776,2,127,28,54,-101,-2.25,1920,t,,2026-08-27 19:06:35.649519+00
777,1,155,24.2,59.4,-65,9.75,2340,t,,2026-08-27 19:06:39.345923+00
778,2,128,28.7,54,-101,-2.75,1935,t,,2026-08-27 19:06:50.646911+00
779,1,156,24.2,59.4,-64,9.25,2355,t,,2026-08-27 19:06:54.345405+00
780,2,129,28.5,54,-99,1.75,1950,t,,2026-08-27 19:07:05.646796+00
781,1,157,24.2,59.4,-64,10.25,2370,t,,2026-08-27 19:07:09.345895+00
782,2,130,28.2,54,-99,2,1965,t,,2026-08-27 19:07:20.645403+00
783,1,158,24.2,59.4,-64,9.25,2385,t,,2026-08-27 19:07:24.342723+00
784,2,131,28.2,54,-98,2.5,1980,t,,2026-08-27 19:07:35.649296+00
785,1,159,24.2,59.5,-64,9.75,2400,t,,2026-08-27 19:07:39.344097+00
786,2,132,28.2,54,-100,0.25,1995,t,,2026-08-27 19:07:50.646568+00
787,1,160,24.2,59.5,-64,10,2415,t,,2026-08-27 19:07:54.344282+00
788,2,133,28.2,54,-99,1.25,2010,t,,2026-08-27 19:08:05.644966+00
789,1,161,24.2,59.6,-64,10.25,2430,t,,2026-08-27 19:08:09.342281+00
790,2,134,28.3,53,-100,-0.25,2025,t,,2026-08-27 19:08:20.644889+00
791,1,162,24.3,59.5,-65,9.5,2445,t,,2026-08-27 19:08:24.34283+00
792,2,135,28.8,53,-100,-0.5,2040,t,,2026-08-27 19:08:35.646502+00
793,2,136,28.1,53,-100,-0.5,2055,t,,2026-08-27 19:08:50.643948+00
794,1,164,24.3,59.6,-65,10,2475,t,,2026-08-27 19:08:54.342767+00
795,2,137,28.6,53,-100,-0.75,2070,t,,2026-08-27 19:09:05.644515+00
796,1,165,24.3,59.6,-64,9.75,2490,t,,2026-08-27 19:09:09.341834+00
797,2,138,28.2,53,-101,-1.5,2085,t,,2026-08-27 19:09:20.644848+00
798,1,166,24.3,59.6,-64,9.75,2505,t,,2026-08-27 19:09:24.342099+00
799,2,139,28.4,53,-100,-0.25,2100,t,,2026-08-27 19:09:35.642492+00
800,2,140,28.4,53,-100,-0.75,2115,t,,2026-08-27 19:09:50.642979+00
801,1,168,24.3,59.7,-64,9.75,2535,t,,2026-08-27 19:09:54.341084+00
802,2,141,28.1,53,-100,-0.5,2130,t,,2026-08-27 19:10:05.646393+00
803,1,169,24.3,59.7,-64,10,2550,t,,2026-08-27 19:10:09.341972+00
804,2,142,28.4,53,-100,-0.5,2145,t,,2026-08-27 19:10:20.64103+00
805,1,170,24.3,59.7,-64,10,2565,t,,2026-08-27 19:10:24.340621+00
806,2,143,28.9,53,-101,-0.5,2160,t,,2026-08-27 19:10:35.641127+00
807,1,171,24.3,59.7,-64,9.75,2580,t,,2026-08-27 19:10:39.339969+00
808,2,144,28.1,53,-100,-0.5,2175,t,,2026-08-27 19:10:50.642076+00
809,1,172,24.3,59.7,-64,9.75,2595,t,,2026-08-27 19:10:54.338463+00
810,2,145,28.4,53,-100,-0.5,2190,t,,2026-08-27 19:11:05.639629+00
811,1,173,24.3,59.8,-65,9.25,2610,t,,2026-08-27 19:11:09.338912+00
812,2,146,28,53,-101,-0.75,2205,t,,2026-08-27 19:11:20.639391+00
813,1,174,24.3,59.8,-65,9.25,2625,t,,2026-08-27 19:11:24.338652+00
814,2,147,28.5,53,-101,-1.75,2220,t,,2026-08-27 19:11:35.639002+00
815,1,175,24.3,59.8,-64,9.5,2640,t,,2026-08-27 19:11:39.338512+00
816,2,148,28.4,53,-100,-1.25,2235,t,,2026-08-27 19:11:50.638762+00
817,1,176,24.3,59.9,-64,9.75,2655,t,,2026-08-27 19:11:54.341085+00
818,2,149,28.1,53,-100,-1,2250,t,,2026-08-27 19:12:05.638089+00
819,1,177,24.3,59.9,-64,10.25,2670,t,,2026-08-27 19:12:09.337604+00
820,2,150,28.3,54,-100,-1.5,2265,t,,2026-08-27 19:12:20.637711+00
821,1,178,24.3,59.9,-64,9.75,2685,t,,2026-08-27 19:12:24.338625+00
822,2,151,28.3,53,-100,0,2280,t,,2026-08-27 19:12:35.637351+00
823,1,179,24.3,59.9,-64,9.75,2700,t,,2026-08-27 19:12:39.33535+00
824,2,152,28,53,-100,0,2295,t,,2026-08-27 19:12:50.637407+00
825,1,180,24.3,60,-64,10,2715,t,,2026-08-27 19:12:54.341194+00
826,2,153,28.5,53,-100,-0.5,2310,t,,2026-08-27 19:13:05.637237+00
827,1,181,24.3,60,-64,10,2730,t,,2026-08-27 19:13:09.336473+00
828,2,154,28.2,53,-99,0.75,2325,t,,2026-08-27 19:13:20.635964+00
829,1,182,24.3,60.1,-64,10,2745,t,,2026-08-27 19:13:24.337551+00
830,2,155,28.9,53,-101,-1.25,2340,t,,2026-08-27 19:13:35.635981+00
831,1,183,24.3,60.1,-64,10.25,2760,t,,2026-08-27 19:13:39.335641+00
832,2,156,28.8,53,-102,-3,2355,t,,2026-08-27 19:13:50.634435+00
833,1,184,24.3,60.1,-64,10,2775,t,,2026-08-27 19:13:54.336184+00
834,2,157,28.6,53,-100,0.25,2370,t,,2026-08-27 19:14:05.637389+00
835,1,185,24.3,60.1,-65,9.75,2790,t,,2026-08-27 19:14:09.334162+00
836,2,158,28.8,53,-99,1,2385,t,,2026-08-27 19:14:20.634117+00
837,1,186,24.3,60.1,-64,10.25,2805,t,,2026-08-27 19:14:24.334224+00
838,2,159,28.9,53,-99,2,2400,t,,2026-08-27 19:14:35.632907+00
839,1,187,24.3,60.1,-63,10,2820,t,,2026-08-27 19:14:39.334086+00
840,2,160,28.6,53,-99,1.25,2415,t,,2026-08-27 19:14:50.632645+00
841,1,188,24.3,60.1,-64,9.5,2835,t,,2026-08-27 19:14:54.333877+00
842,2,161,28.7,53,-99,1.5,2430,t,,2026-08-27 19:15:05.634626+00
843,1,189,24.3,60.1,-64,9.5,2850,t,,2026-08-27 19:15:09.33222+00
844,2,162,28.6,53,-99,1,2445,t,,2026-08-27 19:15:20.631986+00
845,1,190,24.3,60.1,-64,10,2865,t,,2026-08-27 19:15:24.332826+00
846,2,163,28.5,53,-99,1.25,2460,t,,2026-08-27 19:15:35.629734+00
847,1,191,24.3,60.2,-64,12,2880,t,,2026-08-27 19:15:39.333153+00
848,2,164,28.3,53,-99,1.25,2475,t,,2026-08-27 19:15:50.631309+00
849,1,192,24.3,60.2,-65,10,2895,t,,2026-08-27 19:15:54.332922+00
850,2,165,28.9,53,-99,1.5,2490,t,,2026-08-27 19:16:05.63032+00
851,1,193,24.3,60.2,-64,10.5,2910,t,,2026-08-27 19:16:09.332488+00
852,2,166,28.8,53,-99,1.25,2505,t,,2026-08-27 19:16:20.629426+00
853,1,194,24.3,60.2,-64,9.75,2925,t,,2026-08-27 19:16:24.331544+00
854,2,167,27.2,54,-99,1.5,2520,t,,2026-08-27 19:16:35.630852+00
855,1,195,24.3,60.2,-64,9.75,2940,t,,2026-08-27 19:16:39.331594+00
856,2,168,27,54,-99,0.75,2535,t,,2026-08-27 19:16:50.630278+00
857,1,196,24.3,60.2,-64,9.75,2955,t,,2026-08-27 19:16:54.331493+00
858,2,169,27.6,54,-99,1.5,2550,t,,2026-08-27 19:17:05.626853+00
859,1,197,24.3,60.3,-64,9.5,2970,t,,2026-08-27 19:17:09.329307+00
860,2,170,27.1,54,-99,0,2565,t,,2026-08-27 19:17:20.629498+00
861,1,198,24.3,60.3,-65,9.75,2985,t,,2026-08-27 19:17:24.332827+00
862,2,171,27.4,54,-99,1.5,2580,t,,2026-08-27 19:17:35.629473+00
863,1,199,24.3,60.3,-64,10,3000,t,,2026-08-27 19:17:39.332465+00
864,2,172,27.4,54,-99,1.5,2595,t,,2026-08-27 19:17:50.630587+00
865,1,200,24.3,60.3,-64,9.75,3015,t,,2026-08-27 19:17:54.333097+00
866,2,173,27.1,54,-99,1.25,2610,t,,2026-08-27 19:18:05.634174+00
867,1,201,24.3,60.3,-64,9.5,3030,t,,2026-08-27 19:18:09.329014+00
868,2,174,27.7,54,-99,1,2625,t,,2026-08-27 19:18:20.626963+00
869,1,202,24.3,60.3,-64,10.5,3045,t,,2026-08-27 19:18:24.328618+00
870,2,175,27,54,-99,1.5,2640,t,,2026-08-27 19:18:35.626801+00
871,1,203,24.3,60.3,-64,10.25,3060,t,,2026-08-27 19:18:39.331701+00
872,2,176,27.5,54,-99,1.75,2655,t,,2026-08-27 19:18:50.625668+00
873,1,204,24.3,60.3,-64,10,3075,t,,2026-08-27 19:18:54.327376+00
874,2,177,27.9,54,-99,1.5,2670,t,,2026-08-27 19:19:05.625983+00
875,1,205,24.3,60.4,-64,9.25,3090,t,,2026-08-27 19:19:09.326724+00
876,2,178,27.2,54,-99,1.5,2685,t,,2026-08-27 19:19:20.625902+00
877,1,206,24.3,60.4,-64,10,3105,t,,2026-08-27 19:19:24.32733+00
878,2,179,27.2,54,-99,1.5,2700,t,,2026-08-27 19:19:35.623786+00
879,1,207,24.3,60.4,-64,10,3120,t,,2026-08-27 19:19:39.325703+00
880,2,180,27.1,54,-100,0,2715,t,,2026-08-27 19:19:50.622135+00
881,1,208,24.3,60.4,-64,10,3135,t,,2026-08-27 19:19:54.330662+00
882,2,181,27.7,54,-99,1.25,2730,t,,2026-08-27 19:20:05.627977+00
883,1,209,24.3,60.4,-64,9.75,3150,t,,2026-08-27 19:20:09.325478+00
884,2,182,27.5,54,-98,1.5,2745,t,,2026-08-27 19:20:20.622248+00
885,1,210,24.3,60.4,-64,9.25,3165,t,,2026-08-27 19:20:24.330495+00
886,2,183,27.4,54,-99,1.25,2760,t,,2026-08-27 19:20:35.622483+00
887,1,211,24.3,60.5,-63,10.5,3180,t,,2026-08-27 19:20:39.325511+00
888,2,184,27.4,54,-99,1.25,2775,t,,2026-08-27 19:20:50.622146+00
889,1,212,24.3,60.5,-64,9.75,3195,t,,2026-08-27 19:20:54.325166+00
890,2,185,27.4,54,-99,1,2790,t,,2026-08-27 19:21:05.620598+00
891,1,213,24.2,60.6,-65,9.25,3210,t,,2026-08-27 19:21:09.327237+00
892,2,186,27.5,54,-99,1.25,2805,t,,2026-08-27 19:21:20.621756+00
893,1,214,24.2,60.6,-65,10,3225,t,,2026-08-27 19:21:24.326833+00
894,2,187,27.5,54,-99,1,2820,t,,2026-08-27 19:21:35.619657+00
895,1,215,24.3,60.5,-64,10.25,3240,t,,2026-08-27 19:21:39.328775+00
896,2,188,27.8,54,-99,1,2835,t,,2026-08-27 19:21:50.621332+00
897,1,216,24.3,60.6,-64,10.25,3255,t,,2026-08-27 19:21:54.327447+00
898,2,189,27.8,54,-98,1,2850,t,,2026-08-27 19:22:05.620203+00
899,1,217,24.3,60.6,-65,10.25,3270,t,,2026-08-27 19:22:09.323915+00
900,2,190,27.8,54,-99,1.25,2865,t,,2026-08-27 19:22:20.618559+00
901,1,218,24.3,60.6,-64,9.75,3285,t,,2026-08-27 19:22:24.326259+00
902,2,191,27.9,54,-99,1,2880,t,,2026-08-27 19:22:35.616385+00
903,1,219,24.3,60.6,-64,10.25,3300,t,,2026-08-27 19:22:39.323434+00
904,2,192,27.2,54,-99,1.5,2895,t,,2026-08-27 19:22:50.62305+00
905,1,220,24.3,60.6,-64,9.75,3315,t,,2026-08-27 19:22:54.327304+00
906,2,193,27.9,54,-100,0.25,2910,t,,2026-08-27 19:23:05.665272+00
907,1,221,24.3,60.6,-64,9.75,3330,t,,2026-08-27 19:23:09.3256+00
908,2,194,27.2,54,-99,1,2925,t,,2026-08-27 19:23:20.617359+00
909,1,222,24.3,60.7,-64,10,3345,t,,2026-08-27 19:23:24.326244+00
910,2,195,27.8,54,-99,1,2940,t,,2026-08-27 19:23:35.618848+00
911,1,223,24.3,60.7,-64,9.75,3360,t,,2026-08-27 19:23:39.321776+00
912,2,196,27.3,54,-99,1.25,2955,t,,2026-08-27 19:23:50.616334+00
913,1,224,24.3,60.7,-65,9.75,3375,t,,2026-08-27 19:23:54.320669+00
914,2,197,27.9,54,-98,1.5,2970,t,,2026-08-27 19:24:05.616198+00
915,1,225,24.3,60.7,-64,9.75,3390,t,,2026-08-27 19:24:09.321776+00
916,2,198,27.3,54,-99,1,2985,t,,2026-08-27 19:24:20.615512+00
917,1,226,24.3,60.7,-65,9.75,3405,t,,2026-08-27 19:24:24.324824+00
918,2,199,27.4,54,-99,1.5,3000,t,,2026-08-27 19:24:35.613343+00
919,1,227,24.3,60.8,-64,10.25,3420,t,,2026-08-27 19:24:39.328204+00
920,2,200,27.5,54,-99,1,3015,t,,2026-08-27 19:24:50.61992+00
921,1,228,24.3,60.8,-64,9.5,3435,t,,2026-08-27 19:24:54.319888+00
922,2,201,27.4,54,-99,1,3030,t,,2026-08-27 19:25:05.613651+00
923,1,229,24.3,60.8,-64,10,3450,t,,2026-08-27 19:25:09.320654+00
924,2,202,27.5,54,-99,1.25,3045,t,,2026-08-27 19:25:20.617096+00
925,1,230,24.3,60.8,-64,9.5,3465,t,,2026-08-27 19:25:24.323915+00
926,2,203,27.9,54,-100,1.25,3060,t,,2026-08-27 19:25:35.614599+00
927,1,231,24.3,60.8,-64,9.5,3480,t,,2026-08-27 19:25:39.318976+00
928,2,204,27.8,54,-99,1,3075,t,,2026-08-27 19:25:50.614595+00
929,1,232,24.3,60.8,-64,9.75,3495,t,,2026-08-27 19:25:54.324926+00
930,2,205,27.3,54,-99,1,3090,t,,2026-08-27 19:26:05.61208+00
931,1,233,24.3,60.8,-64,9.75,3510,t,,2026-08-27 19:26:09.320277+00
932,2,206,27.8,54,-99,1.25,3105,t,,2026-08-27 19:26:20.615595+00
933,1,234,24.3,60.8,-64,10.25,3525,t,,2026-08-27 19:26:24.318945+00
934,2,207,27.4,54,-99,1.25,3120,t,,2026-08-27 19:26:35.610743+00
935,1,235,24.3,60.9,-64,10,3540,t,,2026-08-27 19:26:39.317916+00
936,2,208,27,54,-99,1.25,3135,t,,2026-08-27 19:26:50.610174+00
937,1,236,24.3,60.9,-64,10.25,3555,t,,2026-08-27 19:26:54.322753+00
938,2,209,27.4,54,-99,1.25,3150,t,,2026-08-27 19:27:05.616644+00
939,1,237,24.3,60.9,-64,10.25,3570,t,,2026-08-27 19:27:09.316045+00
940,2,210,27,54,-98,1.5,3165,t,,2026-08-27 19:27:20.610117+00
941,1,238,24.3,60.9,-64,10,3585,t,,2026-08-27 19:27:24.316761+00
942,2,211,27.3,55,-100,1,3180,t,,2026-08-27 19:27:35.609973+00
943,1,239,24.3,61,-64,10,3600,t,,2026-08-27 19:27:39.317737+00
944,2,212,27.8,55,-99,1.5,3195,t,,2026-08-27 19:27:50.610069+00
945,1,240,24.2,61.1,-64,9.5,3615,t,,2026-08-27 19:27:54.315538+00
946,2,213,27.6,54,-99,1.5,3210,t,,2026-08-27 19:28:05.609271+00
947,1,241,24.3,61,-65,9.5,3630,t,,2026-08-27 19:28:09.315851+00
948,2,214,27,54,-98,1.5,3225,t,,2026-08-27 19:28:20.608838+00
949,1,242,24.3,61,-64,9.75,3645,t,,2026-08-27 19:28:24.31444+00
950,2,215,27.4,55,-99,1,3240,t,,2026-08-27 19:28:35.608053+00
951,1,243,24.3,61,-65,9.75,3660,t,,2026-08-27 19:28:39.31442+00
952,2,216,27.5,55,-99,1.5,3255,t,,2026-08-27 19:28:50.606873+00
953,1,244,24.3,61,-64,9.75,3675,t,,2026-08-27 19:28:54.315305+00
954,2,217,27.2,55,-100,0.75,3270,t,,2026-08-27 19:29:05.610536+00
955,1,245,24.3,61,-64,10,3690,t,,2026-08-27 19:29:09.31662+00
956,2,218,27.6,55,-99,1,3285,t,,2026-08-27 19:29:20.606484+00
957,1,246,24.3,61.1,-64,9.75,3705,t,,2026-08-27 19:29:24.315132+00
958,2,219,27.3,55,-99,1.75,3300,t,,2026-08-27 19:29:35.605625+00
959,1,247,24.2,61.2,-63,10,3720,t,,2026-08-27 19:29:39.313958+00
960,2,220,27.8,55,-99,1,3315,t,,2026-08-27 19:29:50.610459+00
961,1,248,24.2,61.2,-64,10.25,3735,t,,2026-08-27 19:29:54.312826+00
962,2,221,27.5,55,-99,1.5,3330,t,,2026-08-27 19:30:05.604453+00
963,1,249,24.3,61.1,-64,10,3750,t,,2026-08-27 19:30:09.312966+00
964,2,222,27.8,55,-99,1.25,3345,t,,2026-08-27 19:30:20.602806+00
965,1,250,24.3,61.1,-64,10,3765,t,,2026-08-27 19:30:24.312804+00
966,2,223,27.2,55,-99,1.25,3360,t,,2026-08-27 19:30:35.604325+00
967,1,251,24.3,61.2,-64,9.75,3780,t,,2026-08-27 19:30:39.312321+00
968,2,224,27.5,55,-99,1.25,3375,t,,2026-08-27 19:30:50.605018+00
969,1,252,24.3,61.2,-64,9.75,3795,t,,2026-08-27 19:30:54.314036+00
970,2,225,27.8,55,-99,1,3390,t,,2026-08-27 19:31:05.603938+00
971,1,253,24.3,61.2,-64,12.25,3810,t,,2026-08-27 19:31:09.311594+00
972,2,226,27.4,55,-99,1.25,3405,t,,2026-08-27 19:31:20.602917+00
973,1,254,24.2,61.3,-64,9.75,3825,t,,2026-08-27 19:31:24.31189+00
974,2,227,27.6,55,-99,1.5,3420,t,,2026-08-27 19:31:35.605154+00
975,1,255,24.2,61.3,-64,10,3840,t,,2026-08-27 19:31:39.310788+00
976,2,228,27.7,55,-99,1.25,3435,t,,2026-08-27 19:31:50.601396+00
977,1,256,24.2,61.4,-64,10.25,3855,t,,2026-08-27 19:31:54.310489+00
978,2,229,27.3,55,-99,1.5,3450,t,,2026-08-27 19:32:05.601776+00
979,1,257,24.2,61.4,-64,9.75,3870,t,,2026-08-27 19:32:09.308604+00
980,2,230,27.9,55,-100,0.5,3465,t,,2026-08-27 19:32:20.599309+00
981,1,258,24.2,61.4,-64,10,3885,t,,2026-08-27 19:32:24.310354+00
982,2,231,27.7,55,-99,2.25,3480,t,,2026-08-27 19:32:35.600017+00
983,1,259,24.2,61.5,-64,9.75,3900,t,,2026-08-27 19:32:39.308409+00
984,2,232,27.1,55,-99,1.25,3495,t,,2026-08-27 19:32:50.59982+00
985,1,260,24.2,61.5,-64,9.75,3915,t,,2026-08-27 19:32:54.308482+00
986,2,233,27.7,55,-101,-3,3510,t,,2026-08-27 19:33:05.607723+00
987,1,261,24.2,61.5,-64,9.75,3930,t,,2026-08-27 19:33:09.307631+00
988,2,234,27.8,55,-101,-2.5,3525,t,,2026-08-27 19:33:20.598447+00
989,1,262,24.2,61.5,-64,10,3945,t,,2026-08-27 19:33:24.309161+00
990,2,235,27.8,55,-99,1,3540,t,,2026-08-27 19:33:35.598177+00
991,1,263,24.2,61.5,-64,10.25,3960,t,,2026-08-27 19:33:39.307989+00
992,2,236,27.2,55,-100,0.5,3555,t,,2026-08-27 19:33:50.598197+00
993,1,264,24.2,61.5,-64,9.75,3975,t,,2026-08-27 19:33:54.307732+00
994,2,237,27.9,55,-99,1,3570,t,,2026-08-27 19:34:05.598754+00
995,1,265,24.2,61.5,-64,9.5,3990,t,,2026-08-27 19:34:09.308261+00
996,2,238,27.3,55,-99,1.5,3585,t,,2026-08-27 19:34:20.596038+00
997,1,266,24.2,61.5,-64,10,4005,t,,2026-08-27 19:34:24.310003+00
998,2,239,27.8,55,-100,0,3600,t,,2026-08-27 19:34:35.596994+00
999,1,267,24.2,61.6,-64,9.75,4020,t,,2026-08-27 19:34:39.306145+00
1000,2,240,27.6,54,-99,1,3615,t,,2026-08-27 19:34:50.597217+00
1001,1,268,24.2,61.6,-64,10,4035,t,,2026-08-27 19:34:54.306035+00
1002,2,241,27.2,55,-99,1,3630,t,,2026-08-27 19:35:05.597483+00
1003,1,269,24.2,61.6,-64,10.5,4050,t,,2026-08-27 19:35:09.305656+00
1004,2,242,27.7,55,-98,2,3645,t,,2026-08-27 19:35:20.592579+00
1005,1,270,24.2,61.6,-64,9.75,4065,t,,2026-08-27 19:35:24.304761+00
1006,2,243,27.3,55,-98,1.5,3660,t,,2026-08-27 19:35:35.594173+00
1007,1,271,24.2,61.5,-65,10,4080,t,,2026-08-27 19:35:39.304529+00
1008,2,244,27.8,55,-99,1.25,3675,t,,2026-08-27 19:35:50.594973+00
1009,1,272,24.2,61.5,-64,10.25,4095,t,,2026-08-27 19:35:54.305719+00
1010,2,245,27,55,-99,1.75,3690,t,,2026-08-27 19:36:05.594641+00
1011,1,273,24.3,61.4,-64,9.75,4110,t,,2026-08-27 19:36:09.307082+00
1012,2,246,27.6,55,-98,3,3705,t,,2026-08-27 19:36:20.594148+00
1013,1,274,24.2,61.4,-65,9.75,4125,t,,2026-08-27 19:36:24.304639+00
1014,2,247,27.8,55,-98,2.75,3720,t,,2026-08-27 19:36:35.593178+00
1015,1,275,24.2,61.4,-70,9.5,4140,t,,2026-08-27 19:36:39.304442+00
1016,2,248,27,55,-96,3.75,3735,t,,2026-08-27 19:36:50.59295+00
1017,1,276,24.2,61.5,-62,9.75,4155,t,,2026-08-27 19:36:54.305008+00
1018,2,249,27.5,55,-98,1.5,3750,t,,2026-08-27 19:37:05.593139+00
1019,1,277,24.2,61.5,-61,9.75,4170,t,,2026-08-27 19:37:09.302974+00
1020,2,250,27.5,55,-99,0.75,3765,t,,2026-08-27 19:37:20.592303+00
1021,1,278,24.3,61.4,-62,9.75,4185,t,,2026-08-27 19:37:24.304297+00
1022,2,251,27.3,55,-98,0.5,3780,t,,2026-08-27 19:37:35.591839+00
1023,1,279,24.2,61.6,-62,9.75,4200,t,,2026-08-27 19:37:39.304482+00
1024,2,252,27.8,55,-98,0.75,3795,t,,2026-08-27 19:37:50.590862+00
1025,1,280,24.2,61.7,-62,9.5,4215,t,,2026-08-27 19:37:54.301644+00
1026,2,253,27.1,55,-98,1.75,3810,t,,2026-08-27 19:38:05.647205+00
1027,1,281,24.2,61.7,-62,9.25,4230,t,,2026-08-27 19:38:09.301945+00
1028,2,254,27.1,55,-99,-1.5,3825,t,,2026-08-27 19:38:20.594464+00
1029,1,282,24.2,61.6,-62,9.75,4245,t,,2026-08-27 19:38:24.301596+00
1030,2,255,27.5,55,-98,1.5,3840,t,,2026-08-27 19:38:35.588712+00
1031,1,283,24.2,61.5,-62,9.75,4260,t,,2026-08-27 19:38:39.301194+00
1032,2,256,27.4,55,-97,2.75,3855,t,,2026-08-27 19:38:50.588674+00
1033,1,284,24.2,61.5,-65,9,4275,t,,2026-08-27 19:38:54.301254+00
1034,2,257,28.3,55,-101,-3,3870,t,,2026-08-27 19:39:05.58874+00
1035,1,285,24.3,61.4,-66,9.5,4290,t,,2026-08-27 19:39:09.300684+00
1036,2,258,28.2,55,-97,1.75,3885,t,,2026-08-27 19:39:20.590354+00
1037,1,286,24.2,61.5,-63,9.5,4305,t,,2026-08-27 19:39:24.298994+00
1038,2,259,28,55,-96,3.25,3900,t,,2026-08-27 19:39:35.588577+00
1039,1,287,24.2,61.5,-63,9.25,4320,t,,2026-08-27 19:39:39.29977+00
1040,2,260,28.1,55,-97,2.5,3915,t,,2026-08-27 19:39:50.585648+00
1041,1,288,24.2,61.5,-63,9.75,4335,t,,2026-08-27 19:39:54.29759+00
1042,2,261,28.2,55,-97,2.25,3930,t,,2026-08-27 19:40:05.586329+00
1043,1,289,24.2,61.8,-63,10,4350,t,,2026-08-27 19:40:09.297096+00
1044,2,262,28.6,55,-97,3,3945,t,,2026-08-27 19:40:20.592147+00
1045,1,290,24.2,61.8,-63,10,4365,t,,2026-08-27 19:40:24.299531+00
1046,2,263,28.4,55,-98,0.75,3960,t,,2026-08-27 19:40:35.585179+00
1047,1,291,24.2,61.7,-62,10.25,4380,t,,2026-08-27 19:40:39.298969+00
1048,2,264,28.3,55,-97,3.75,3975,t,,2026-08-27 19:40:50.585243+00
1049,1,292,24.2,61.6,-65,9,4395,t,,2026-08-27 19:40:54.303886+00
1050,2,265,28.2,55,-96,3.75,3990,t,,2026-08-27 19:41:05.581841+00
1051,1,293,24.2,61.6,-63,10.25,4410,t,,2026-08-27 19:41:09.296483+00
1052,2,266,28.9,55,-99,-1,4005,t,,2026-08-27 19:41:20.58321+00
1053,1,294,24.2,61.6,-64,9.75,4425,t,,2026-08-27 19:41:24.295007+00
1054,2,267,28,55,-99,0.5,4020,t,,2026-08-27 19:41:35.582574+00
1055,1,295,24.2,61.6,-67,9.5,4440,t,,2026-08-27 19:41:39.296566+00
1056,2,268,28.8,56,-96,3.5,4035,t,,2026-08-27 19:41:50.580368+00
1057,1,296,24.2,61.7,-64,9.75,4455,t,,2026-08-27 19:41:54.29462+00
1058,2,269,28.7,55,-96,4.25,4050,t,,2026-08-27 19:42:05.582388+00
1059,1,297,24.2,61.7,-65,9.5,4470,t,,2026-08-27 19:42:09.293525+00
1060,2,270,28.7,55,-97,2.75,4065,t,,2026-08-27 19:42:20.580924+00
1061,1,298,24.2,61.6,-66,9.25,4485,t,,2026-08-27 19:42:24.294861+00
1062,2,271,28.7,55,-96,3.5,4080,t,,2026-08-27 19:42:35.578917+00
1063,1,299,24.3,61.6,-66,9.75,4500,t,,2026-08-27 19:42:39.294172+00
1064,2,272,28.7,55,-96,3.25,4095,t,,2026-08-27 19:42:50.581385+00
1065,1,300,24.2,61.7,-65,9.5,4515,t,,2026-08-27 19:42:54.295137+00
1066,2,273,27,56,-97,3,4110,t,,2026-08-27 19:43:05.578636+00
1067,1,301,24.3,61.6,-64,9.25,4530,t,,2026-08-27 19:43:09.293248+00
1068,2,274,27.3,55,-96,3,4125,t,,2026-08-27 19:43:20.578223+00
1069,1,302,24.3,61.5,-66,9.5,4545,t,,2026-08-27 19:43:24.293482+00
1070,2,275,27.6,56,-98,1.25,4140,t,,2026-08-27 19:43:35.578568+00
1071,1,303,24.3,61.6,-65,9.5,4560,t,,2026-08-27 19:43:39.293745+00
1072,2,276,27.8,56,-98,1,4155,t,,2026-08-27 19:43:50.578324+00
1073,1,304,24.3,61.6,-64,9.5,4575,t,,2026-08-27 19:43:54.292741+00
1074,2,277,28,55,-98,0.75,4170,t,,2026-08-27 19:44:05.579174+00
1075,1,305,24.3,61.6,-65,10,4590,t,,2026-08-27 19:44:09.289643+00
1076,2,278,28.6,55,-97,2.75,4185,t,,2026-08-27 19:44:20.576913+00
1077,1,306,24.3,61.8,-65,9.75,4605,t,,2026-08-27 19:44:24.291329+00
1078,2,279,28.4,55,-96,3,4200,t,,2026-08-27 19:44:35.575882+00
1079,1,307,24.3,61.7,-64,9.75,4620,t,,2026-08-27 19:44:39.292153+00
1080,2,280,28.3,55,-96,4,4215,t,,2026-08-27 19:44:50.577171+00
1081,1,308,24.3,61.7,-65,9.75,4635,t,,2026-08-27 19:44:54.29234+00
1082,2,281,28.7,56,-97,3.5,4230,t,,2026-08-27 19:45:05.575483+00
1083,1,309,24.3,61.6,-64,10,4650,t,,2026-08-27 19:45:09.290124+00
1084,2,282,28.2,56,-97,3.75,4245,t,,2026-08-27 19:45:20.574756+00
1085,1,310,24.3,61.6,-64,9.75,4665,t,,2026-08-27 19:45:24.290858+00
1086,2,283,28,55,-97,3,4260,t,,2026-08-27 19:45:35.576119+00
1087,1,311,24.3,61.6,-62,9.75,4680,t,,2026-08-27 19:45:39.290712+00
1088,2,284,28,55,-97,3,4275,t,,2026-08-27 19:45:50.574236+00
1089,1,312,24.3,61.5,-64,9.5,4695,t,,2026-08-27 19:45:54.289116+00
1090,2,285,28.1,55,-99,1,4290,t,,2026-08-27 19:46:05.573165+00
1091,1,313,24.3,61.5,-64,9.5,4710,t,,2026-08-27 19:46:09.287807+00
1092,1,314,24.3,61.5,-63,10,4725,t,,2026-08-27 19:46:24.288457+00
1093,2,287,28.6,55,-95,5,4320,t,,2026-08-27 19:46:35.574736+00
1094,1,315,24.3,61.5,-63,10,4740,t,,2026-08-27 19:46:39.288253+00
1095,2,288,28.1,55,-96,3.25,4335,t,,2026-08-27 19:46:50.570428+00
1096,1,316,24.3,61.5,-64,9.75,4755,t,,2026-08-27 19:46:54.288546+00
1097,2,289,28,55,-98,1.75,4350,t,,2026-08-27 19:47:05.572065+00
1098,1,317,24.3,61.5,-63,9.75,4770,t,,2026-08-27 19:47:09.286976+00
1099,2,290,28.7,55,-97,4,4365,t,,2026-08-27 19:47:20.570727+00
1100,1,318,24.3,61.5,-64,10.5,4785,t,,2026-08-27 19:47:24.287921+00
1101,2,291,28.7,55,-97,2.75,4380,t,,2026-08-27 19:47:35.569527+00
1102,1,319,24.4,61.5,-64,10,4800,t,,2026-08-27 19:47:39.287908+00
1103,2,292,28.6,55,-99,1.5,4395,t,,2026-08-27 19:47:50.571012+00
1104,1,320,24.3,61.5,-64,10,4815,t,,2026-08-27 19:47:54.286394+00
1105,2,293,28,55,-98,2,4410,t,,2026-08-27 19:48:05.571721+00
1106,1,321,24.3,61.5,-64,9.25,4830,t,,2026-08-27 19:48:09.286936+00
1107,2,294,28.2,55,-95,4,4425,t,,2026-08-27 19:48:20.57127+00
1108,1,322,24.3,61.5,-63,9.5,4845,t,,2026-08-27 19:48:24.288117+00
1109,2,295,28.6,55,-96,3.5,4440,t,,2026-08-27 19:48:35.569301+00
1110,1,323,24.3,61.5,-64,10.25,4860,t,,2026-08-27 19:48:39.284157+00
1111,2,296,28,55,-97,3.75,4455,t,,2026-08-27 19:48:50.567636+00
1112,1,324,24.3,61.5,-62,9.5,4875,t,,2026-08-27 19:48:54.286001+00
1113,2,297,28.8,55,-96,3.5,4470,t,,2026-08-27 19:49:05.569089+00
1114,1,325,24.3,61.5,-62,9.5,4890,t,,2026-08-27 19:49:09.285187+00
1115,2,298,28.4,55,-97,3.5,4485,t,,2026-08-27 19:49:20.566382+00
1116,1,326,24.3,61.5,-63,9.5,4905,t,,2026-08-27 19:49:24.283654+00
1117,2,299,28.7,55,-98,1.25,4500,t,,2026-08-27 19:49:35.566152+00
1118,1,327,24.3,61.5,-61,9.5,4920,t,,2026-08-27 19:49:39.283919+00
1119,2,300,28.7,55,-97,2.25,4515,t,,2026-08-27 19:49:50.567302+00
1120,1,328,24.3,61.5,-61,10,4935,t,,2026-08-27 19:49:54.28417+00
1121,2,301,28.6,55,-99,1,4530,t,,2026-08-27 19:50:05.565965+00
1122,1,329,24.3,61.5,-60,9.5,4950,t,,2026-08-27 19:50:09.284766+00
1123,2,302,28.2,55,-98,1.75,4545,t,,2026-08-27 19:50:20.564419+00
1124,1,330,24.3,61.5,-62,9.5,4965,t,,2026-08-27 19:50:24.282622+00
1125,2,303,28.5,55,-96,3.25,4560,t,,2026-08-27 19:50:35.566285+00
1126,1,331,24.3,61.5,-64,10,4980,t,,2026-08-27 19:50:39.28316+00
1127,2,304,28.8,55,-97,3,4575,t,,2026-08-27 19:50:50.564439+00
1128,1,332,24.3,61.5,-63,9.75,4995,t,,2026-08-27 19:50:54.282674+00
1129,2,305,28.3,55,-98,1.5,4590,t,,2026-08-27 19:51:05.566472+00
1130,1,333,24.3,61.6,-64,9.5,5010,t,,2026-08-27 19:51:09.281348+00
1131,2,306,28,55,-98,2,4605,t,,2026-08-27 19:51:20.564536+00
1132,1,334,24.3,61.5,-65,9.5,5025,t,,2026-08-27 19:51:24.280584+00
1133,2,307,28.9,55,-97,2.25,4620,t,,2026-08-27 19:51:35.562379+00
1134,1,335,24.3,61.5,-65,9.75,5040,t,,2026-08-27 19:51:39.283005+00
1135,1,336,24.3,61.5,-64,9.75,5055,t,,2026-08-27 19:51:54.280247+00
1136,2,309,28.4,55,-97,2.5,4650,t,,2026-08-27 19:52:05.562841+00
1137,1,337,24.3,61.6,-65,9.25,5070,t,,2026-08-27 19:52:09.281281+00
1138,2,310,28.8,55,-97,2.75,4665,t,,2026-08-27 19:52:20.563+00
1139,1,338,24.3,61.6,-64,9.5,5085,t,,2026-08-27 19:52:24.279674+00
1140,2,311,28.7,55,-96,3.25,4680,t,,2026-08-27 19:52:35.562687+00
1141,1,339,24.3,61.6,-65,9.25,5100,t,,2026-08-27 19:52:39.281247+00
1142,2,312,28.2,55,-96,2.75,4695,t,,2026-08-27 19:52:50.562632+00
1143,1,340,24.3,61.6,-65,9.5,5115,t,,2026-08-27 19:52:54.279594+00
1144,2,313,28.2,55,-97,2.5,4710,t,,2026-08-27 19:53:05.560266+00
1145,1,341,24.3,61.6,-65,9.5,5130,t,,2026-08-27 19:53:09.277915+00
1146,2,314,28.2,55,-98,2,4725,t,,2026-08-27 19:53:20.561383+00
1147,1,342,24.3,61.7,-64,10.5,5145,t,,2026-08-27 19:53:24.280259+00
1148,2,315,28.4,55,-97,2.5,4740,t,,2026-08-27 19:53:35.563894+00
1149,1,343,24.3,61.7,-65,10.25,5160,t,,2026-08-27 19:53:39.278306+00
1150,2,316,28.7,55,-97,2.25,4755,t,,2026-08-27 19:53:50.557873+00
1151,1,344,24.3,61.7,-65,9.75,5175,t,,2026-08-27 19:53:54.276231+00
1152,2,317,28.2,55,-96,3,4770,t,,2026-08-27 19:54:05.559436+00
1153,1,345,24.3,61.7,-64,9.5,5190,t,,2026-08-27 19:54:09.278278+00
1154,2,318,28.2,55,-98,2.5,4785,t,,2026-08-27 19:54:20.55745+00
1155,1,346,24.3,61.7,-65,9.5,5205,t,,2026-08-27 19:54:24.277008+00
1156,2,319,28,55,-97,2,4800,t,,2026-08-27 19:54:35.556772+00
1157,1,347,24.3,61.7,-64,9.5,5220,t,,2026-08-27 19:54:39.277072+00
1158,2,320,28.1,55,-97,3,4815,t,,2026-08-27 19:54:50.557885+00
1159,1,348,24.3,61.7,-65,10.25,5235,t,,2026-08-27 19:54:54.277409+00
1160,2,321,28.7,55,-98,2.5,4830,t,,2026-08-27 19:55:05.557562+00
1161,1,349,24.3,61.7,-64,10.25,5250,t,,2026-08-27 19:55:09.27516+00
1162,2,322,28.1,55,-96,3.75,4845,t,,2026-08-27 19:55:20.555496+00
1163,1,350,24.3,61.7,-65,9,5265,t,,2026-08-27 19:55:24.276868+00
1164,2,323,28,55,-97,2.25,4860,t,,2026-08-27 19:55:35.556814+00
1165,1,351,24.3,61.7,-66,9.5,5280,t,,2026-08-27 19:55:39.276186+00
1166,2,324,28.2,55,-97,3,4875,t,,2026-08-27 19:55:50.554446+00
1167,1,352,24.3,61.7,-64,10,5295,t,,2026-08-27 19:55:54.274291+00
1168,2,325,28.2,55,-97,2.75,4890,t,,2026-08-27 19:56:05.552776+00
1169,1,353,24.3,61.7,-64,9.5,5310,t,,2026-08-27 19:56:09.277759+00
1170,2,326,28.5,55,-97,2,4905,t,,2026-08-27 19:56:20.554577+00
1171,1,354,24.3,61.7,-64,10,5325,t,,2026-08-27 19:56:24.274604+00
1172,2,327,28.6,55,-97,2,4920,t,,2026-08-27 19:56:35.553995+00
1173,1,355,24.3,61.7,-65,9,5340,t,,2026-08-27 19:56:39.275601+00
1174,2,328,28.2,55,-97,2,4935,t,,2026-08-27 19:56:50.554804+00
1175,1,356,24.3,61.7,-66,9.25,5355,t,,2026-08-27 19:56:54.274343+00
1176,2,329,28.5,55,-96,3.25,4950,t,,2026-08-27 19:57:05.553548+00
1177,1,357,24.3,61.7,-65,9.5,5370,t,,2026-08-27 19:57:09.275647+00
1178,2,330,28.8,55,-98,1.75,4965,t,,2026-08-27 19:57:20.551167+00
1179,1,358,24.3,61.7,-65,9.5,5385,t,,2026-08-27 19:57:24.27389+00
1180,2,331,28.5,55,-96,3.25,4980,t,,2026-08-27 19:57:35.553335+00
1181,1,359,24.3,61.8,-65,9.25,5400,t,,2026-08-27 19:57:39.272399+00
1182,2,332,28.8,55,-97,2.5,4995,t,,2026-08-27 19:57:50.551657+00
1183,1,360,24.3,61.8,-65,10,5415,t,,2026-08-27 19:57:54.274842+00
1184,2,333,28.3,55,-98,1.5,5010,t,,2026-08-27 19:58:05.549957+00
1185,1,361,24.3,61.7,-64,10,5430,t,,2026-08-27 19:58:09.271584+00
1186,2,334,28.9,55,-97,2,5025,t,,2026-08-27 19:58:20.55177+00
1187,1,362,24.3,61.7,-65,9.5,5445,t,,2026-08-27 19:58:24.271205+00
1188,2,335,28.3,55,-96,3.25,5040,t,,2026-08-27 19:58:35.549816+00
1189,1,363,24.3,61.7,-65,9.5,5460,t,,2026-08-27 19:58:39.271851+00
1190,2,336,28.7,55,-97,2.75,5055,t,,2026-08-27 19:58:50.549373+00
1191,1,364,24.3,61.7,-64,9.75,5475,t,,2026-08-27 19:58:54.271935+00
1192,2,337,28.6,55,-96,3.25,5070,t,,2026-08-27 19:59:05.549915+00
1193,1,365,24.3,61.6,-66,9.25,5490,t,,2026-08-27 19:59:09.268984+00
1194,2,338,28.1,55,-99,1.5,5085,t,,2026-08-27 19:59:20.54883+00
1195,1,366,24.3,61.6,-62,9.75,5505,t,,2026-08-27 19:59:24.271998+00
1196,2,339,28.8,55,-96,4,5100,t,,2026-08-27 19:59:35.548742+00
1197,1,367,24.3,61.6,-62,9.5,5520,t,,2026-08-27 19:59:39.26968+00
1198,2,340,28.3,55,-98,2.25,5115,t,,2026-08-27 19:59:50.547958+00
1199,1,368,24.3,61.7,-62,9.5,5535,t,,2026-08-27 19:59:54.268947+00
1200,2,341,28.4,55,-99,0.5,5130,t,,2026-08-27 20:00:05.546524+00
1201,1,369,24.3,61.9,-61,10,5550,t,,2026-08-27 20:00:09.272528+00
1202,2,342,28.5,55,-96,3,5145,t,,2026-08-27 20:00:20.544715+00
1203,1,370,24.3,62.1,-66,9.75,5565,t,,2026-08-27 20:00:24.268474+00
1204,2,343,28.8,55,-97,2,5160,t,,2026-08-27 20:00:35.547703+00
1205,1,371,24.3,62.5,-64,9.75,5580,t,,2026-08-27 20:00:39.273404+00
1206,2,344,28.4,55,-99,1.5,5175,t,,2026-08-27 20:00:50.545591+00
1207,1,372,24.3,63,-65,10,5595,t,,2026-08-27 20:00:54.268831+00
1208,2,345,28.1,55,-96,2.5,5190,t,,2026-08-27 20:01:05.545859+00
1209,1,373,24.3,62.9,-64,10.25,5610,t,,2026-08-27 20:01:09.268556+00
1210,2,346,28,55,-98,2.25,5205,t,,2026-08-27 20:01:20.544934+00
1211,1,374,24.3,62.8,-63,10,5625,t,,2026-08-27 20:01:24.268432+00
1212,2,347,28.5,55,-98,2.5,5220,t,,2026-08-27 20:01:35.545131+00
1213,1,375,24.3,62.7,-64,10,5640,t,,2026-08-27 20:01:39.266237+00
1214,2,348,28.4,55,-97,2.75,5235,t,,2026-08-27 20:01:50.544562+00
1215,1,376,24.3,62.7,-63,10.25,5655,t,,2026-08-27 20:01:54.26397+00
1216,2,349,28.9,55,-98,1.25,5250,t,,2026-08-27 20:02:05.543404+00
1217,1,377,24.3,62.7,-73,9.75,5670,t,,2026-08-27 20:02:09.265581+00
1218,2,350,28.9,55,-97,3.25,5265,t,,2026-08-27 20:02:20.541553+00
1219,1,378,24.3,62.9,-64,10.25,5685,t,,2026-08-27 20:02:24.265464+00
1220,2,351,28.2,55,-97,3,5280,t,,2026-08-27 20:02:35.543572+00
1221,1,379,24.3,63.1,-64,9.25,5700,t,,2026-08-27 20:02:39.266837+00
1222,2,352,28.1,55,-97,3,5295,t,,2026-08-27 20:02:50.541509+00
1223,1,380,24.3,63.3,-64,10,5715,t,,2026-08-27 20:02:54.265024+00
1224,2,353,28.6,55,-97,3.25,5310,t,,2026-08-27 20:03:05.541285+00
1225,1,381,24.3,63.5,-64,10.25,5730,t,,2026-08-27 20:03:09.263491+00
1226,2,354,28.5,55,-96,3.5,5325,t,,2026-08-27 20:03:20.543392+00
1227,1,382,24.3,63.9,-63,11.25,5745,t,,2026-08-27 20:03:24.264956+00
1228,2,355,28.6,55,-96,3.5,5340,t,,2026-08-27 20:03:35.541062+00
1229,1,383,24.3,64.1,-64,12.25,5760,t,,2026-08-27 20:03:39.26364+00
1230,2,356,28.1,55,-96,3.75,5355,t,,2026-08-27 20:03:50.538497+00
1231,1,384,24.4,64.1,-64,10,5775,t,,2026-08-27 20:03:54.26214+00
1232,2,357,28,55,-96,3.75,5370,t,,2026-08-27 20:04:05.540278+00
1233,1,385,24.3,64.1,-63,10.25,5790,t,,2026-08-27 20:04:09.263346+00
1234,2,358,28.2,55,-96,3.5,5385,t,,2026-08-27 20:04:20.538527+00
1235,1,386,24.3,63.9,-64,9.75,5805,t,,2026-08-27 20:04:24.262148+00
1236,2,359,28.3,55,-96,3.5,5400,t,,2026-08-27 20:04:35.539914+00
1237,1,387,24.3,63.9,-65,9.5,5820,t,,2026-08-27 20:04:39.263351+00
1238,2,360,28.2,55,-96,3.75,5415,t,,2026-08-27 20:04:50.538155+00
1239,1,388,24.4,64,-64,9.5,5835,t,,2026-08-27 20:04:54.262014+00
1240,2,361,28.1,55,-96,3.75,5430,t,,2026-08-27 20:05:05.537712+00
1241,1,389,24.3,64.3,-64,10.25,5850,t,,2026-08-27 20:05:09.260075+00
1242,2,362,28.6,55,-96,3.5,5445,t,,2026-08-27 20:05:20.538897+00
1243,1,390,24.4,64.5,-63,10,5865,t,,2026-08-27 20:05:24.264572+00
1244,2,363,28,55,-96,4,5460,t,,2026-08-27 20:05:35.537351+00
1245,1,391,24.3,64.7,-64,9.5,5880,t,,2026-08-27 20:05:39.259819+00
1246,2,364,28.8,55,-95,4.25,5475,t,,2026-08-27 20:05:50.535953+00
1247,1,392,24.3,64.9,-63,9.5,5895,t,,2026-08-27 20:05:54.259908+00
1248,2,365,28.2,55,-96,4,5490,t,,2026-08-27 20:06:05.536748+00
1249,1,393,24.4,65.2,-63,10,5910,t,,2026-08-27 20:06:09.259716+00
1250,2,366,28,55,-95,3.5,5505,t,,2026-08-27 20:06:20.535475+00
1251,1,394,24.4,65.4,-63,9.75,5925,t,,2026-08-27 20:06:24.258408+00
1252,2,367,28.8,55,-95,5,5520,t,,2026-08-27 20:06:35.534668+00
1253,1,395,24.3,65.5,-62,9.75,5940,t,,2026-08-27 20:06:39.259847+00
1254,2,368,28.3,55,-96,3.75,5535,t,,2026-08-27 20:06:50.535528+00
1255,1,396,24.4,65.5,-64,9.5,5955,t,,2026-08-27 20:06:54.25948+00
1256,2,369,28.2,55,-96,3.25,5550,t,,2026-08-27 20:07:05.533935+00
1257,1,397,24.4,65.4,-63,9.75,5970,t,,2026-08-27 20:07:09.257749+00
1258,2,370,28.3,55,-96,3.75,5565,t,,2026-08-27 20:07:20.533138+00
1259,1,398,24.4,65.5,-64,9.5,5985,t,,2026-08-27 20:07:24.258416+00
1260,2,371,28.7,55,-97,3.25,5580,t,,2026-08-27 20:07:35.533843+00
1261,1,399,24.4,65.8,-64,10,6000,t,,2026-08-27 20:07:39.256682+00
1262,2,372,28,55,-96,3.25,5595,t,,2026-08-27 20:07:50.532619+00
1263,1,400,24.4,66.2,-63,9.75,6015,t,,2026-08-27 20:07:54.257832+00
1264,2,373,28.4,55,-96,3.5,5610,t,,2026-08-27 20:08:05.531523+00
1265,1,401,24.4,66.4,-64,10.5,6030,t,,2026-08-27 20:08:09.256976+00
1266,2,374,28.8,55,-97,3,5625,t,,2026-08-27 20:08:20.536678+00
1267,1,402,24.4,66.4,-65,9.75,6045,t,,2026-08-27 20:08:24.256401+00
1268,2,375,28.2,55,-96,3,5640,t,,2026-08-27 20:08:35.531324+00
1269,1,403,24.4,66.3,-63,9.75,6060,t,,2026-08-27 20:08:39.257152+00
1270,2,376,28.9,55,-97,3,5655,t,,2026-08-27 20:08:50.530528+00
1271,1,404,24.4,66.7,-63,9.75,6075,t,,2026-08-27 20:08:54.256052+00
1272,2,377,28.3,55,-97,3.5,5670,t,,2026-08-27 20:09:05.530432+00
1273,1,405,24.4,66.3,-63,9.25,6090,t,,2026-08-27 20:09:09.254052+00
1274,2,378,28.3,55,-95,4.25,5685,t,,2026-08-27 20:09:20.529279+00
1275,1,406,24.4,66,-63,9.5,6105,t,,2026-08-27 20:09:24.254797+00
1276,2,379,28.5,54,-96,4,5700,t,,2026-08-27 20:09:35.530327+00
1277,1,407,24.4,65.9,-62,9.75,6120,t,,2026-08-27 20:09:39.2564+00
1278,2,380,28.5,54,-96,3.25,5715,t,,2026-08-27 20:09:50.52913+00
1279,1,408,24.4,65.9,-62,9.25,6135,t,,2026-08-27 20:09:54.255633+00
1280,2,381,28.5,54,-96,3.25,5730,t,,2026-08-27 20:10:05.527657+00
1281,1,409,24.4,65.7,-61,10.25,6150,t,,2026-08-27 20:10:09.254729+00
1282,2,382,28.9,55,-95,3.5,5745,t,,2026-08-27 20:10:20.528028+00
1283,1,410,24.4,65.7,-62,9.75,6165,t,,2026-08-27 20:10:24.252248+00
1284,2,383,28.2,55,-96,3.25,5760,t,,2026-08-27 20:10:35.527428+00
1285,1,411,24.4,65.6,-63,9.75,6180,t,,2026-08-27 20:10:39.254192+00
1286,2,384,28.8,55,-96,3.75,5775,t,,2026-08-27 20:10:50.526513+00
1287,1,412,24.4,65.5,-62,9.5,6195,t,,2026-08-27 20:10:54.252527+00
1288,2,385,28.5,55,-97,3.25,5790,t,,2026-08-27 20:11:05.527409+00
1289,1,413,24.4,65.5,-62,10,6210,t,,2026-08-27 20:11:09.25133+00
1290,2,386,28.4,55,-96,3.25,5805,t,,2026-08-27 20:11:20.526699+00
1291,1,414,24.4,65.6,-62,10,6225,t,,2026-08-27 20:11:24.253659+00
1292,2,387,28.7,55,-96,4,5820,t,,2026-08-27 20:11:35.524064+00
1293,1,415,24.4,65.6,-63,9.75,6240,t,,2026-08-27 20:11:39.250821+00
1294,2,388,28.6,55,-96,3.5,5835,t,,2026-08-27 20:11:50.526218+00
1295,1,416,24.4,65.5,-63,8.75,6255,t,,2026-08-27 20:11:54.253657+00
1296,2,389,28.3,55,-97,3.25,5850,t,,2026-08-27 20:12:05.524957+00
1297,1,417,24.4,65.5,-63,9.25,6270,t,,2026-08-27 20:12:09.256077+00
1298,2,390,28.7,55,-96,3,5865,t,,2026-08-27 20:12:20.52407+00
1299,1,418,24.4,65.4,-62,9.75,6285,t,,2026-08-27 20:12:24.250961+00
1300,2,391,28.7,55,-96,3.25,5880,t,,2026-08-27 20:12:35.523278+00
1301,1,419,24.4,65.4,-61,10,6300,t,,2026-08-27 20:12:39.251051+00
1302,2,392,28.8,55,-96,2.75,5895,t,,2026-08-27 20:12:50.522114+00
1303,1,420,24.4,65.2,-62,9.75,6315,t,,2026-08-27 20:12:54.249453+00
1304,2,393,28.1,55,-97,3.75,5910,t,,2026-08-27 20:13:05.522671+00
1305,1,421,24.4,65.2,-62,9.75,6330,t,,2026-08-27 20:13:09.251238+00
1306,2,394,28.4,55,-96,3.75,5925,t,,2026-08-27 20:13:20.525886+00
1307,1,422,24.4,65.1,-62,9.5,6345,t,,2026-08-27 20:13:24.249213+00
1308,2,395,28,55,-96,3.5,5940,t,,2026-08-27 20:13:35.5211+00
1309,1,423,24.4,65.1,-62,9,6360,t,,2026-08-27 20:13:39.249827+00
1310,2,396,28.3,55,-96,4,5955,t,,2026-08-27 20:13:50.522721+00
1311,1,424,24.4,65.2,-63,9.75,6375,t,,2026-08-27 20:13:54.249934+00
1312,2,397,28.8,55,-96,3.75,5970,t,,2026-08-27 20:14:05.522375+00
1313,1,425,24.4,65.4,-63,9.75,6390,t,,2026-08-27 20:14:09.247635+00
1314,2,398,28.8,55,-96,4.25,5985,t,,2026-08-27 20:14:20.51991+00
1315,1,426,24.4,65.4,-63,9.25,6405,t,,2026-08-27 20:14:24.247278+00
1316,2,399,28.6,55,-96,3.5,6000,t,,2026-08-27 20:14:35.519981+00
1317,1,427,24.4,65.5,-64,9.5,6420,t,,2026-08-27 20:14:39.24798+00
1318,0,0,,,-107,-11,,f,bad_header,2026-08-27 20:14:40.583992+00
1319,2,400,28,55,-96,4.25,6015,t,,2026-08-27 20:14:50.519557+00
1320,1,428,24.4,65.4,-62,10.75,6435,t,,2026-08-27 20:14:54.246221+00
1321,2,401,28.8,55,-96,3.5,6030,t,,2026-08-27 20:15:05.519111+00
1322,1,429,24.4,65.3,-62,10,6450,t,,2026-08-27 20:15:09.246918+00
1323,2,402,28.3,55,-95,4,6045,t,,2026-08-27 20:15:20.518553+00
1324,1,430,24.4,65.2,-63,9.75,6465,t,,2026-08-27 20:15:24.24571+00
1325,2,403,28.3,55,-97,3,6060,t,,2026-08-27 20:15:35.517047+00
1326,1,431,24.4,65.1,-63,9.75,6480,t,,2026-08-27 20:15:39.244446+00
1327,2,404,28.3,55,-96,3,6075,t,,2026-08-27 20:15:50.51701+00
1328,1,432,24.4,65.1,-64,9.5,6495,t,,2026-08-27 20:15:54.246506+00
1329,2,405,28.6,55,-95,4.5,6090,t,,2026-08-27 20:16:05.517367+00
1330,1,433,24.4,65.2,-64,9.75,6510,t,,2026-08-27 20:16:09.244872+00
1331,2,406,28.5,55,-97,2.75,6105,t,,2026-08-27 20:16:20.516341+00
1332,1,434,24.4,65.2,-64,9.5,6525,t,,2026-08-27 20:16:24.243925+00
1333,2,407,28.5,55,-95,5.25,6120,t,,2026-08-27 20:16:35.51529+00
1334,1,435,24.4,65.2,-62,9.5,6540,t,,2026-08-27 20:16:39.245887+00
1335,2,408,28.2,55,-96,3.5,6135,t,,2026-08-27 20:16:50.516136+00
1336,1,436,24.4,65.3,-62,10,6555,t,,2026-08-27 20:16:54.243088+00
1337,2,409,28.2,55,-96,3.5,6150,t,,2026-08-27 20:17:05.514777+00
1338,1,437,24.4,65.4,-62,9.75,6570,t,,2026-08-27 20:17:09.244536+00
1339,2,410,28.1,55,-97,3,6165,t,,2026-08-27 20:17:20.513308+00
1340,1,438,24.4,65.4,-62,10.25,6585,t,,2026-08-27 20:17:24.243673+00
1341,2,411,28.9,55,-96,4.5,6180,t,,2026-08-27 20:17:35.51424+00
1342,1,439,24.4,65.4,-64,9.75,6600,t,,2026-08-27 20:17:39.24124+00
1343,2,412,28.2,55,-95,3.75,6195,t,,2026-08-27 20:17:50.513725+00
1344,1,440,24.4,65.4,-64,9.75,6615,t,,2026-08-27 20:17:54.245014+00
1345,2,413,28.8,55,-95,5,6210,t,,2026-08-27 20:18:05.51447+00
1346,1,441,24.4,65.3,-65,10,6630,t,,2026-08-27 20:18:09.241555+00
1347,2,414,28.6,55,-96,3.75,6225,t,,2026-08-27 20:18:20.51272+00
1348,1,442,24.4,65.2,-64,9.25,6645,t,,2026-08-27 20:18:24.243685+00
1349,2,415,28.2,55,-95,4.25,6240,t,,2026-08-27 20:18:35.510941+00
1350,1,443,24.4,65.1,-63,9.75,6660,t,,2026-08-27 20:18:39.242939+00
1351,2,416,28.6,55,-95,5,6255,t,,2026-08-27 20:18:50.517994+00
1352,1,444,24.4,65.1,-64,10,6675,t,,2026-08-27 20:18:54.240252+00
1353,2,417,28,55,-95,4.5,6270,t,,2026-08-27 20:19:05.513862+00
1354,1,445,24.4,65.2,-65,9.75,6690,t,,2026-08-27 20:19:09.24199+00
1355,2,418,28.9,55,-95,5,6285,t,,2026-08-27 20:19:20.514721+00
1356,1,446,24.4,65.4,-64,9.75,6705,t,,2026-08-27 20:19:24.240551+00
1357,2,419,28.7,55,-94,5,6300,t,,2026-08-27 20:19:35.511555+00
1358,1,447,24.4,65.5,-64,10.25,6720,t,,2026-08-27 20:19:39.2383+00
1359,2,420,28.9,54,-95,4.75,6315,t,,2026-08-27 20:19:50.510247+00
1360,1,448,24.4,65.6,-63,9.75,6735,t,,2026-08-27 20:19:54.239356+00
1361,2,421,28.9,54,-96,4.25,6330,t,,2026-08-27 20:20:05.508018+00
1362,1,449,24.4,65.6,-64,9.75,6750,t,,2026-08-27 20:20:09.239329+00
1363,2,422,28,54,-96,4.25,6345,t,,2026-08-27 20:20:20.509054+00
1364,1,450,24.4,65.4,-64,9.5,6765,t,,2026-08-27 20:20:24.240532+00
1365,2,423,28.8,55,-95,4.75,6360,t,,2026-08-27 20:20:35.509244+00
1366,1,451,24.4,65.5,-64,9.5,6780,t,,2026-08-27 20:20:39.239078+00
1367,2,424,28.8,54,-94,6,6375,t,,2026-08-27 20:20:50.505934+00
1368,1,452,24.4,65,-63,10,6795,t,,2026-08-27 20:20:54.23796+00
1369,2,425,28,54,-93,7,6390,t,,2026-08-27 20:21:05.508042+00
1370,1,453,24.4,65.1,-64,9.75,6810,t,,2026-08-27 20:21:09.238844+00
1371,2,426,28.8,54,-94,5.75,6405,t,,2026-08-27 20:21:20.505844+00
1372,1,454,24.4,65.1,-64,9.75,6825,t,,2026-08-27 20:21:24.241264+00
1373,2,427,28.2,55,-95,5.25,6420,t,,2026-08-27 20:21:35.507692+00
1374,1,455,24.4,65.2,-62,9.5,6840,t,,2026-08-27 20:21:39.236924+00
1375,2,428,28.3,54,-95,5.5,6435,t,,2026-08-27 20:21:50.506022+00
1376,1,456,24.4,64.9,-61,10.75,6855,t,,2026-08-27 20:21:54.237784+00
1377,2,429,28.4,55,-95,5.25,6450,t,,2026-08-27 20:22:05.50611+00
1378,1,457,24.5,64.9,-62,10,6870,t,,2026-08-27 20:22:09.235641+00
1379,2,430,28.3,55,-94,5,6465,t,,2026-08-27 20:22:20.506049+00
1380,1,458,24.5,65.1,-62,9.5,6885,t,,2026-08-27 20:22:24.237525+00
1381,2,431,28.8,55,-96,4.25,6480,t,,2026-08-27 20:22:35.504063+00
1382,1,459,24.5,65.1,-62,9.25,6900,t,,2026-08-27 20:22:39.235737+00
1383,2,432,28.8,55,-96,4.75,6495,t,,2026-08-27 20:22:50.503253+00
1384,1,460,24.5,65.2,-62,9.5,6915,t,,2026-08-27 20:22:54.233667+00
1385,2,433,28.2,55,-96,4.25,6510,t,,2026-08-27 20:23:05.504914+00
1386,1,461,24.5,65.2,-62,9.5,6930,t,,2026-08-27 20:23:09.235974+00
1387,2,434,28.4,55,-96,4,6525,t,,2026-08-27 20:23:20.502908+00
1388,1,462,24.5,65.4,-62,9.25,6945,t,,2026-08-27 20:23:24.233937+00
1389,2,435,28.8,55,-95,4.5,6540,t,,2026-08-27 20:23:35.502363+00
1390,1,463,24.5,65.5,-62,10,6960,t,,2026-08-27 20:23:39.235811+00
1391,2,436,28.8,55,-96,3.75,6555,t,,2026-08-27 20:23:50.502249+00
1392,1,464,24.5,65.6,-63,12.75,6975,t,,2026-08-27 20:23:54.235477+00
1393,2,437,28.7,55,-94,6,6570,t,,2026-08-27 20:24:05.502369+00
1394,1,465,24.5,65.7,-63,9.75,6990,t,,2026-08-27 20:24:09.235177+00
1395,2,438,28,55,-99,1.75,6585,t,,2026-08-27 20:24:20.499625+00
1396,1,466,24.5,66,-63,9.75,7005,t,,2026-08-27 20:24:24.234539+00
1397,2,439,28.7,55,-98,2.25,6600,t,,2026-08-27 20:24:35.502264+00
1398,1,467,24.5,66.1,-64,9.75,7020,t,,2026-08-27 20:24:39.233912+00
1399,2,440,27.2,55,-98,2.25,6615,t,,2026-08-27 20:24:50.499866+00
1400,1,468,24.5,66,-63,10,7035,t,,2026-08-27 20:24:54.233029+00
1401,2,441,28.4,55,-99,1.75,6630,t,,2026-08-27 20:25:05.498579+00
1402,1,469,24.5,65.9,-63,9.25,7050,t,,2026-08-27 20:25:09.232684+00
1403,2,442,28.4,55,-98,2.25,6645,t,,2026-08-27 20:25:20.499604+00
1404,1,470,24.5,65.8,-62,9.75,7065,t,,2026-08-27 20:25:24.231088+00
1405,2,443,28.3,55,-98,1.75,6660,t,,2026-08-27 20:25:35.497951+00
1406,1,471,24.4,65.7,-63,9.75,7080,t,,2026-08-27 20:25:39.236057+00
1407,2,444,28.7,55,-98,2,6675,t,,2026-08-27 20:25:50.496089+00
1408,1,472,24.4,65.5,-64,10,7095,t,,2026-08-27 20:25:54.232193+00
1409,2,445,28.9,55,-99,2.25,6690,t,,2026-08-27 20:26:05.4979+00
1410,1,473,24.4,65.5,-63,9.5,7110,t,,2026-08-27 20:26:09.230395+00
1411,2,446,28.3,55,-98,1.75,6705,t,,2026-08-27 20:26:20.49583+00
1412,1,474,24.4,65.4,-63,9.75,7125,t,,2026-08-27 20:26:24.231054+00
1413,2,447,28.8,55,-99,2,6720,t,,2026-08-27 20:26:35.497715+00
1414,1,475,24.4,65.3,-63,9.75,7140,t,,2026-08-27 20:26:39.230038+00
1415,2,448,28.7,55,-98,2,6735,t,,2026-08-27 20:26:50.496376+00
1416,1,476,24.4,65.2,-63,10.25,7155,t,,2026-08-27 20:26:54.231414+00
1417,2,449,28.9,55,-99,2,6750,t,,2026-08-27 20:27:05.494853+00
1418,1,477,24.4,65.1,-64,10,7170,t,,2026-08-27 20:27:09.230489+00
1419,2,450,28.4,55,-98,1.75,6765,t,,2026-08-27 20:27:20.495763+00
1420,1,478,24.4,65.1,-63,9.75,7185,t,,2026-08-27 20:27:24.228455+00
1421,2,451,28.5,54,-98,1.5,6780,t,,2026-08-27 20:27:35.494848+00
1422,1,479,24.4,65,-63,9.75,7200,t,,2026-08-27 20:27:39.231508+00
1423,2,452,28.2,55,-98,2,6795,t,,2026-08-27 20:27:50.493212+00
1424,1,480,24.4,64.9,-64,10,7215,t,,2026-08-27 20:27:54.228552+00
1425,2,453,28.9,55,-98,2.25,6810,t,,2026-08-27 20:28:05.49505+00
1426,1,481,24.4,64.8,-64,9.25,7230,t,,2026-08-27 20:28:09.226871+00
1427,2,454,28.9,55,-98,2,6825,t,,2026-08-27 20:28:20.494149+00
1428,1,482,24.4,64.7,-63,9.25,7245,t,,2026-08-27 20:28:24.227806+00
1429,2,455,28.3,55,-98,2,6840,t,,2026-08-27 20:28:35.494555+00
1430,1,483,24.4,64.6,-63,10,7260,t,,2026-08-27 20:28:39.228213+00
1431,2,456,28.7,55,-99,2,6855,t,,2026-08-27 20:28:50.493188+00
1432,1,484,24.4,64.6,-64,9.75,7275,t,,2026-08-27 20:28:54.225363+00
1433,2,457,28.9,55,-99,0.25,6870,t,,2026-08-27 20:29:05.492154+00
1434,1,485,24.4,64.6,-64,10,7290,t,,2026-08-27 20:29:09.226941+00
1435,2,458,28,54,-100,-0.75,6885,t,,2026-08-27 20:29:20.48966+00
1436,1,486,24.4,64.6,-63,9.75,7305,t,,2026-08-27 20:29:24.225824+00
1437,2,459,28.8,55,-100,0,6900,t,,2026-08-27 20:29:35.491758+00
1438,1,487,24.4,64.6,-63,10,7320,t,,2026-08-27 20:29:39.227853+00
1439,2,460,28.4,55,-98,1.5,6915,t,,2026-08-27 20:29:50.491128+00
1440,1,488,24.4,64.7,-63,10,7335,t,,2026-08-27 20:29:54.224861+00
1441,2,461,28.3,54,-99,1.5,6930,t,,2026-08-27 20:30:05.491183+00
1442,1,489,24.4,64.7,-63,10,7350,t,,2026-08-27 20:30:09.224319+00
1443,2,462,28.5,54,-97,3.5,6945,t,,2026-08-27 20:30:20.491203+00
1444,1,490,24.4,64.6,-65,9.5,7365,t,,2026-08-27 20:30:24.22422+00
1445,2,463,28.9,54,-98,2.5,6960,t,,2026-08-27 20:30:35.487857+00
1446,1,491,24.4,64.7,-64,10,7380,t,,2026-08-27 20:30:39.222792+00
1447,2,464,28.6,54,-98,2.75,6975,t,,2026-08-27 20:30:50.489634+00
1448,1,492,24.4,64.9,-64,9.75,7395,t,,2026-08-27 20:30:54.225413+00
1449,2,465,27.9,55,-97,3.75,6990,t,,2026-08-27 20:31:05.487734+00
1450,1,493,24.4,64.7,-64,10,7410,t,,2026-08-27 20:31:09.223414+00
1451,2,466,27.2,55,-98,3,7005,t,,2026-08-27 20:31:20.488909+00
1452,1,494,24.4,64.6,-65,10.25,7425,t,,2026-08-27 20:31:24.222676+00
1453,2,467,27.9,55,-97,3.75,7020,t,,2026-08-27 20:31:35.488028+00
1454,1,495,24.4,64.5,-65,9.75,7440,t,,2026-08-27 20:31:39.223724+00
1455,2,468,27.9,55,-98,2.5,7035,t,,2026-08-27 20:31:50.486655+00
1456,1,496,24.4,64.6,-64,9.75,7455,t,,2026-08-27 20:31:54.222832+00
1457,2,469,27.8,55,-98,2.75,7050,t,,2026-08-27 20:32:05.485786+00
1458,1,497,24.4,64.6,-64,9.75,7470,t,,2026-08-27 20:32:09.22074+00
1459,2,470,27.2,55,-98,2.5,7065,t,,2026-08-27 20:32:20.487617+00
1460,1,498,24.4,64.6,-62,10,7485,t,,2026-08-27 20:32:24.223209+00
1461,2,471,27.7,55,-98,3,7080,t,,2026-08-27 20:32:35.485008+00
1462,1,499,24.4,64.6,-64,9.5,7500,t,,2026-08-27 20:32:39.222819+00
1463,2,472,27.9,55,-97,3,7095,t,,2026-08-27 20:32:50.485013+00
1464,1,500,24.4,64.5,-63,9.5,7515,t,,2026-08-27 20:32:54.222092+00
1465,2,473,27.3,55,-98,3,7110,t,,2026-08-27 20:33:05.486807+00
1466,1,501,24.4,64.5,-63,12,7530,t,,2026-08-27 20:33:09.220562+00
1467,2,474,27.6,55,-98,2.75,7125,t,,2026-08-27 20:33:20.483341+00
1468,1,502,24.4,64.4,-63,9.75,7545,t,,2026-08-27 20:33:24.219041+00
1469,2,475,27.1,55,-98,3.25,7140,t,,2026-08-27 20:33:35.48166+00
1470,1,503,24.4,64.4,-63,10,7560,t,,2026-08-27 20:33:39.219874+00
1471,2,476,27.2,55,-98,3.25,7155,t,,2026-08-27 20:33:50.483201+00
1472,1,504,24.4,64.4,-63,9.75,7575,t,,2026-08-27 20:33:54.218447+00
1473,2,477,27.4,55,-98,3,7170,t,,2026-08-27 20:34:05.481815+00
1474,1,505,24.4,64.3,-63,9.5,7590,t,,2026-08-27 20:34:09.221902+00
1475,2,478,27,55,-97,3.5,7185,t,,2026-08-27 20:34:20.480273+00
1476,1,506,24.4,64.2,-63,9.75,7605,t,,2026-08-27 20:34:24.220266+00
1477,2,479,27.9,55,-98,3.25,7200,t,,2026-08-27 20:34:35.482011+00
1478,1,507,24.4,64.1,-64,9.5,7620,t,,2026-08-27 20:34:39.218347+00
1479,2,480,27.9,55,-98,3.25,7215,t,,2026-08-27 20:34:50.47979+00
1480,1,508,24.4,64.1,-63,10,7635,t,,2026-08-27 20:34:54.223763+00
1481,2,481,27.9,55,-98,2.75,7230,t,,2026-08-27 20:35:05.482001+00
1482,1,509,24.4,64,-64,10,7650,t,,2026-08-27 20:35:09.218346+00
1483,2,482,27.2,55,-97,3.75,7245,t,,2026-08-27 20:35:20.480617+00
1484,1,510,24.4,63.9,-64,9.5,7665,t,,2026-08-27 20:35:24.216239+00
1485,2,483,27.4,54,-98,3.25,7260,t,,2026-08-27 20:35:35.478411+00
1486,1,511,24.4,63.8,-64,9.75,7680,t,,2026-08-27 20:35:39.218291+00
1487,2,484,27,54,-100,0.75,7275,t,,2026-08-27 20:35:50.479524+00
1488,1,512,24.4,63.8,-62,10,7695,t,,2026-08-27 20:35:54.216152+00
1489,2,485,27.6,54,-99,1.5,7290,t,,2026-08-27 20:36:05.478586+00
1490,1,513,24.4,63.7,-63,9.5,7710,t,,2026-08-27 20:36:09.217813+00
1491,2,486,27.8,55,-98,2.25,7305,t,,2026-08-27 20:36:20.47751+00
1492,1,514,24.4,63.7,-63,10.25,7725,t,,2026-08-27 20:36:24.217142+00
1493,2,487,27.7,54,-99,2,7320,t,,2026-08-27 20:36:35.478184+00
1494,1,515,24.3,63.7,-63,10,7740,t,,2026-08-27 20:36:39.215985+00
1495,2,488,27.4,55,-98,2.5,7335,t,,2026-08-27 20:36:50.47646+00
1496,1,516,24.4,63.7,-63,10,7755,t,,2026-08-27 20:36:54.2161+00
1497,2,489,27.3,55,-98,2.5,7350,t,,2026-08-27 20:37:05.47465+00
1498,1,517,24.4,63.7,-63,10.75,7770,t,,2026-08-27 20:37:09.214158+00
1499,2,490,27.7,55,-98,2.75,7365,t,,2026-08-27 20:37:20.476933+00
1500,1,518,24.4,63.7,-64,9.75,7785,t,,2026-08-27 20:37:24.216104+00
1501,2,491,27.3,55,-98,2.5,7380,t,,2026-08-27 20:37:35.475736+00
1502,1,519,24.4,63.7,-63,9.25,7800,t,,2026-08-27 20:37:39.214457+00
1503,2,492,27.8,55,-98,2.5,7395,t,,2026-08-27 20:37:50.473548+00
1504,1,520,24.4,63.7,-63,10,7815,t,,2026-08-27 20:37:54.212506+00
1505,2,493,27.9,55,-98,2.5,7410,t,,2026-08-27 20:38:05.475935+00
1506,1,521,24.4,63.7,-63,9.5,7830,t,,2026-08-27 20:38:09.214444+00
1507,2,494,27.8,55,-98,2.75,7425,t,,2026-08-27 20:38:20.474277+00
1508,1,522,24.4,63.6,-64,9.75,7845,t,,2026-08-27 20:38:24.212893+00
1509,2,495,27,55,-98,3,7440,t,,2026-08-27 20:38:35.473066+00
1510,1,523,24.4,63.5,-62,10.5,7860,t,,2026-08-27 20:38:39.21225+00
1511,2,496,27.2,55,-98,2,7455,t,,2026-08-27 20:38:50.47366+00
1512,1,524,24.4,63.5,-64,10,7875,t,,2026-08-27 20:38:54.213014+00
1513,2,497,27.1,55,-97,3.25,7470,t,,2026-08-27 20:39:05.475451+00
1514,1,525,24.4,63.5,-63,10.5,7890,t,,2026-08-27 20:39:09.211856+00
1515,2,498,27.4,55,-97,2.5,7485,t,,2026-08-27 20:39:20.473833+00
1516,1,526,24.4,63.5,-64,9.5,7905,t,,2026-08-27 20:39:24.213238+00
1517,2,499,27.6,55,-98,2,7500,t,,2026-08-27 20:39:35.472922+00
1518,1,527,24.4,63.6,-63,10,7920,t,,2026-08-27 20:39:39.211478+00
1519,2,500,27.5,55,-97,2.5,7515,t,,2026-08-27 20:39:50.472748+00
1520,1,528,24.4,63.5,-63,9.25,7935,t,,2026-08-27 20:39:54.209698+00
1521,2,501,27.2,55,-97,2.25,7530,t,,2026-08-27 20:40:05.476714+00
1522,1,529,24.4,63.6,-63,10,7950,t,,2026-08-27 20:40:09.2114+00
1523,2,502,27.1,55,-98,2.75,7545,t,,2026-08-27 20:40:20.470801+00
1524,1,530,24.4,63.7,-63,9.5,7965,t,,2026-08-27 20:40:24.209418+00
1525,2,503,27.1,55,-97,2.5,7560,t,,2026-08-27 20:40:35.469911+00
1526,1,531,24.4,63.7,-62,10,7980,t,,2026-08-27 20:40:39.211698+00
1527,2,504,27.8,55,-98,2.5,7575,t,,2026-08-27 20:40:50.470601+00
1528,1,532,24.4,63.6,-64,9.25,7995,t,,2026-08-27 20:40:54.20978+00
1529,2,505,27.3,55,-97,2.5,7590,t,,2026-08-27 20:41:05.468643+00
1530,1,533,24.4,63.6,-64,9.75,8010,t,,2026-08-27 20:41:09.209114+00
1531,2,506,27.9,55,-98,2.75,7605,t,,2026-08-27 20:41:20.467746+00
1532,1,534,24.4,63.5,-63,10,8025,t,,2026-08-27 20:41:24.21024+00
1533,2,507,27.9,55,-98,2.25,7620,t,,2026-08-27 20:41:35.468791+00
1534,1,535,24.4,63.5,-63,9.75,8040,t,,2026-08-27 20:41:39.209881+00
1535,2,508,27.7,55,-98,2.5,7635,t,,2026-08-27 20:41:50.47016+00
1536,1,536,24.4,63.5,-63,9.5,8055,t,,2026-08-27 20:41:54.207589+00
1537,2,509,27.5,55,-97,2.25,7650,t,,2026-08-27 20:42:05.467156+00
1538,1,537,24.4,63.4,-63,10,8070,t,,2026-08-27 20:42:09.207751+00
1539,2,510,27.3,55,-97,2,7665,t,,2026-08-27 20:42:20.46707+00
1540,1,538,24.4,63.4,-63,9.75,8085,t,,2026-08-27 20:42:24.206414+00
1541,2,511,27.9,55,-98,2.25,7680,t,,2026-08-27 20:42:35.465628+00
1542,1,539,24.4,63.4,-64,10,8100,t,,2026-08-27 20:42:39.208594+00
1543,2,512,27.7,55,-98,2.5,7695,t,,2026-08-27 20:42:50.466559+00
1544,1,540,24.4,63.4,-63,9.75,8115,t,,2026-08-27 20:42:54.206998+00
1545,2,513,27.7,55,-97,2.25,7710,t,,2026-08-27 20:43:05.466818+00
1546,1,541,24.4,63.3,-63,9.5,8130,t,,2026-08-27 20:43:09.205675+00
1547,2,514,27.5,55,-97,2.5,7725,t,,2026-08-27 20:43:20.464228+00
1548,1,542,24.4,63.2,-63,9.75,8145,t,,2026-08-27 20:43:24.207472+00
1549,2,515,27.3,55,-97,2,7740,t,,2026-08-27 20:43:35.465483+00
1550,1,543,24.4,63.2,-62,11.25,8160,t,,2026-08-27 20:43:39.205952+00
1551,2,516,27.8,55,-98,3,7755,t,,2026-08-27 20:43:50.464231+00
1552,1,544,24.4,63.2,-63,9.5,8175,t,,2026-08-27 20:43:54.203868+00
1553,2,517,27.7,55,-97,2.75,7770,t,,2026-08-27 20:44:05.461847+00
1554,1,545,24.4,63.2,-63,9.75,8190,t,,2026-08-27 20:44:09.206349+00
1555,2,518,27.5,55,-98,2.5,7785,t,,2026-08-27 20:44:20.464282+00
1556,1,546,24.4,63.2,-63,9.5,8205,t,,2026-08-27 20:44:24.203719+00
1557,2,519,27.3,55,-98,2.75,7800,t,,2026-08-27 20:44:35.462851+00
1558,1,547,24.4,63.2,-63,9.75,8220,t,,2026-08-27 20:44:39.205626+00
1559,2,520,27.9,55,-97,2,7815,t,,2026-08-27 20:44:50.460494+00
1560,1,548,24.4,63.2,-63,10.25,8235,t,,2026-08-27 20:44:54.205027+00
1561,2,521,27.6,55,-97,2,7830,t,,2026-08-27 20:45:05.461399+00
1562,1,549,24.4,63.2,-62,9.75,8250,t,,2026-08-27 20:45:09.201895+00
1563,2,522,27.4,55,-97,2.5,7845,t,,2026-08-27 20:45:20.460074+00
1564,1,550,24.4,63.2,-63,10.25,8265,t,,2026-08-27 20:45:24.203788+00
1565,2,523,27.3,55,-98,2.75,7860,t,,2026-08-27 20:45:35.460014+00
1566,1,551,24.4,63.2,-63,10.5,8280,t,,2026-08-27 20:45:39.202384+00
1567,2,524,27.7,55,-98,2.5,7875,t,,2026-08-27 20:45:50.460958+00
1568,1,552,24.4,63.2,-64,9.5,8295,t,,2026-08-27 20:45:54.201487+00
1569,2,525,27.5,55,-98,2.75,7890,t,,2026-08-27 20:46:05.459019+00
1570,1,553,24.4,63.2,-63,9.75,8310,t,,2026-08-27 20:46:09.202828+00
1571,2,526,27.3,55,-98,2.25,7905,t,,2026-08-27 20:46:20.462652+00
1572,1,554,24.4,63.2,-63,9.75,8325,t,,2026-08-27 20:46:24.200652+00
1573,2,527,27.8,55,-98,2.5,7920,t,,2026-08-27 20:46:35.45941+00
1574,1,555,24.4,63.2,-63,9.75,8340,t,,2026-08-27 20:46:39.202592+00
1575,2,528,27,55,-98,2.5,7935,t,,2026-08-27 20:46:50.461171+00
1576,1,556,24.4,63.1,-64,9.5,8355,t,,2026-08-27 20:46:54.202968+00
1577,2,529,27.2,55,-98,2.5,7950,t,,2026-08-27 20:47:05.457689+00
1578,1,557,24.4,63.2,-63,9.25,8370,t,,2026-08-27 20:47:09.199761+00
1579,2,530,27.2,55,-98,2.25,7965,t,,2026-08-27 20:47:20.457623+00
1580,1,558,24.4,63.2,-64,9.5,8385,t,,2026-08-27 20:47:24.203684+00
1581,2,531,27.2,55,-97,2.25,7980,t,,2026-08-27 20:47:35.457104+00
1582,1,559,24.4,63.2,-63,9.5,8400,t,,2026-08-27 20:47:39.200264+00
1583,2,532,27.1,55,-98,2.5,7995,t,,2026-08-27 20:47:50.457346+00
1584,1,560,24.4,63.2,-62,10.5,8415,t,,2026-08-27 20:47:54.200869+00
1585,2,533,27.3,55,-97,2.5,8010,t,,2026-08-27 20:48:05.460557+00
1586,1,561,24.4,63.1,-63,10.25,8430,t,,2026-08-27 20:48:09.199916+00
1587,2,534,27.9,55,-98,2.25,8025,t,,2026-08-27 20:48:20.454602+00
1588,1,562,24.4,63.1,-63,11,8445,t,,2026-08-27 20:48:24.198503+00
1589,2,535,27.6,55,-98,2.25,8040,t,,2026-08-27 20:48:35.457044+00
1590,1,563,24.4,63.1,-64,9.75,8460,t,,2026-08-27 20:48:39.199111+00
1591,2,536,27.9,55,-98,3,8055,t,,2026-08-27 20:48:50.455001+00
1592,1,564,24.4,63,-63,9.75,8475,t,,2026-08-27 20:48:54.197107+00
1593,2,537,27.7,55,-98,2.75,8070,t,,2026-08-27 20:49:05.454399+00
1594,1,565,24.4,63,-63,9.75,8490,t,,2026-08-27 20:49:09.19811+00
1595,2,538,27.5,55,-98,2.5,8085,t,,2026-08-27 20:49:20.454346+00
1596,1,566,24.4,62.9,-63,9.5,8505,t,,2026-08-27 20:49:24.19827+00
1597,2,539,27.4,55,-98,2.25,8100,t,,2026-08-27 20:49:35.452972+00
1598,1,567,24.4,62.9,-64,9.75,8520,t,,2026-08-27 20:49:39.195545+00
1599,2,540,27.7,55,-97,2.25,8115,t,,2026-08-27 20:49:50.452821+00
1600,1,568,24.4,62.9,-63,10,8535,t,,2026-08-27 20:49:54.198744+00
1601,2,541,27.5,55,-98,2.25,8130,t,,2026-08-27 20:50:05.452474+00
1602,1,569,24.3,62.9,-63,10,8550,t,,2026-08-27 20:50:09.196174+00
1603,2,542,27.2,55,-98,2.25,8145,t,,2026-08-27 20:50:20.451201+00
1604,1,570,24.4,62.8,-63,9.75,8565,t,,2026-08-27 20:50:24.19445+00
1605,2,543,27,55,-97,2.25,8160,t,,2026-08-27 20:50:35.450723+00
1606,1,571,24.4,62.8,-64,9.75,8580,t,,2026-08-27 20:50:39.196526+00
1607,2,544,27.4,55,-98,2.75,8175,t,,2026-08-27 20:50:50.451706+00
1608,1,572,24.4,62.7,-63,10,8595,t,,2026-08-27 20:50:54.19415+00
1609,2,545,27.5,55,-98,2.25,8190,t,,2026-08-27 20:51:05.449273+00
1610,1,573,24.4,62.8,-63,9.75,8610,t,,2026-08-27 20:51:09.192613+00
1611,2,546,27.2,55,-98,2.25,8205,t,,2026-08-27 20:51:20.448867+00
1612,1,574,24.4,62.7,-63,9.75,8625,t,,2026-08-27 20:51:24.194507+00
1613,2,547,27,55,-97,2.25,8220,t,,2026-08-27 20:51:35.448825+00
1614,1,575,24.4,62.7,-64,9.5,8640,t,,2026-08-27 20:51:39.192615+00
1615,2,548,27.5,55,-98,2.75,8235,t,,2026-08-27 20:51:50.447341+00
1616,1,576,24.4,62.7,-63,9.5,8655,t,,2026-08-27 20:51:54.194412+00
1617,2,549,27.2,55,-97,2.25,8250,t,,2026-08-27 20:52:05.448798+00
1618,1,577,24.4,62.7,-64,9.75,8670,t,,2026-08-27 20:52:09.193083+00
1619,2,550,27.1,55,-97,2.25,8265,t,,2026-08-27 20:52:20.447876+00
1620,1,578,24.3,62.7,-63,9.75,8685,t,,2026-08-27 20:52:24.192167+00
1621,2,551,27.2,55,-97,2.25,8280,t,,2026-08-27 20:52:35.44659+00
1622,1,579,24.3,62.8,-63,9.5,8700,t,,2026-08-27 20:52:39.192138+00
1623,2,552,27,55,-97,2.25,8295,t,,2026-08-27 20:52:50.448589+00
1624,1,580,24.3,62.7,-64,10,8715,t,,2026-08-27 20:52:54.191943+00
1625,2,553,27.6,55,-98,2.25,8310,t,,2026-08-27 20:53:05.445862+00
1626,1,581,24.4,62.8,-64,9.75,8730,t,,2026-08-27 20:53:09.190565+00
1627,2,554,27.6,55,-98,2.25,8325,t,,2026-08-27 20:53:20.445031+00
1628,1,582,24.3,62.8,-63,9.75,8745,t,,2026-08-27 20:53:24.191728+00
1629,2,555,27.7,55,-98,2.5,8340,t,,2026-08-27 20:53:35.445869+00
1630,1,583,24.4,62.8,-63,9.75,8760,t,,2026-08-27 20:53:39.192489+00
1631,2,556,27.4,55,-98,2.25,8355,t,,2026-08-27 20:53:50.444361+00
1632,1,584,24.4,62.9,-63,9.75,8775,t,,2026-08-27 20:53:54.19443+00
1633,2,557,27.2,55,-98,2,8370,t,,2026-08-27 20:54:05.446873+00
1634,1,585,24.4,62.9,-63,9.75,8790,t,,2026-08-27 20:54:09.190298+00
1635,2,558,27.8,55,-98,2.75,8385,t,,2026-08-27 20:54:20.445097+00
1636,1,586,24.4,62.9,-64,9.75,8805,t,,2026-08-27 20:54:24.189593+00
1637,2,559,27.1,55,-98,2,8400,t,,2026-08-27 20:54:35.443241+00
1638,1,587,24.3,62.9,-63,9.5,8820,t,,2026-08-27 20:54:39.189812+00
1639,2,560,27.3,55,-98,2,8415,t,,2026-08-27 20:54:50.443784+00
1640,1,588,24.4,62.9,-64,9.75,8835,t,,2026-08-27 20:54:54.189332+00
1641,2,561,27.9,55,-98,2.25,8430,t,,2026-08-27 20:55:05.442667+00
1642,1,589,24.3,62.9,-63,10.25,8850,t,,2026-08-27 20:55:09.190377+00
1643,2,562,27.7,55,-97,2.5,8445,t,,2026-08-27 20:55:20.440807+00
1644,1,590,24.4,62.9,-63,9.5,8865,t,,2026-08-27 20:55:24.188387+00
1645,2,563,27.5,55,-98,2.5,8460,t,,2026-08-27 20:55:35.447897+00
1646,1,591,24.4,62.9,-63,10,8880,t,,2026-08-27 20:55:39.187311+00
1647,2,564,27.2,55,-97,2.25,8475,t,,2026-08-27 20:55:50.440589+00
1648,1,592,24.4,62.8,-63,9.25,8895,t,,2026-08-27 20:55:54.188311+00
1649,2,565,27.9,55,-97,2.75,8490,t,,2026-08-27 20:56:05.439618+00
1650,1,593,24.4,62.8,-63,10,8910,t,,2026-08-27 20:56:09.190201+00
1651,2,566,27.5,55,-98,1.75,8505,t,,2026-08-27 20:56:20.441118+00
1652,1,594,24.4,62.7,-64,9.5,8925,t,,2026-08-27 20:56:24.186776+00
1653,2,567,27.9,55,-98,2.25,8520,t,,2026-08-27 20:56:35.439494+00
1654,1,595,24.3,62.7,-63,10,8940,t,,2026-08-27 20:56:39.186707+00
1655,2,568,27.7,55,-99,1,8535,t,,2026-08-27 20:56:50.441141+00
1656,1,596,24.3,62.7,-63,9.75,8955,t,,2026-08-27 20:56:54.185614+00
1657,2,569,27.4,55,-98,1.75,8550,t,,2026-08-27 20:57:05.439771+00
1658,2,570,27.5,55,-98,2.5,8565,t,,2026-08-27 20:57:20.437855+00
1659,1,598,24.4,62.8,-64,12.25,8985,t,,2026-08-27 20:57:24.184946+00
1660,2,571,27.2,55,-98,2.5,8580,t,,2026-08-27 20:57:35.443475+00
1661,1,599,24.4,62.8,-63,10,9000,t,,2026-08-27 20:57:39.184815+00
1662,2,572,27.6,55,-99,0.75,8595,t,,2026-08-27 20:57:50.438159+00
1663,1,600,24.3,62.8,-64,9.5,9015,t,,2026-08-27 20:57:54.186346+00
1664,2,573,27.7,55,-99,0.25,8610,t,,2026-08-27 20:58:05.437503+00
1665,1,601,24.4,62.8,-64,9.5,9030,t,,2026-08-27 20:58:09.18601+00
1666,2,574,27.4,55,-99,-0.5,8625,t,,2026-08-27 20:58:20.434534+00
1667,2,575,27.5,55,-99,1.25,8640,t,,2026-08-27 20:58:35.436505+00
1668,1,603,24.3,62.8,-63,10,9060,t,,2026-08-27 20:58:39.184442+00
1669,2,576,27.5,55,-97,2.5,8655,t,,2026-08-27 20:58:50.435805+00
1670,2,577,27.3,55,-98,0.5,8670,t,,2026-08-27 20:59:05.43498+00
1671,1,605,24.3,62.7,-63,9.5,9090,t,,2026-08-27 20:59:09.183708+00
1672,1,606,24.3,62.7,-63,9.75,9105,t,,2026-08-27 20:59:24.183301+00
1673,1,607,24.3,62.9,-62,9.75,9120,t,,2026-08-27 20:59:39.181502+00
1674,2,580,27.5,55,-98,1.75,8715,t,,2026-08-27 20:59:50.435416+00
1675,1,608,24.4,63.3,-63,9.25,9135,t,,2026-08-27 20:59:54.182163+00
1676,1,609,24.4,63.5,-62,9.75,9150,t,,2026-08-27 21:00:09.180488+00
1677,2,582,27.2,55,-97,2,8745,t,,2026-08-27 21:00:20.435019+00
1678,1,610,24.4,63.4,-63,9.75,9165,t,,2026-08-27 21:00:24.182491+00
1679,2,583,27.9,55,-97,3.25,8760,t,,2026-08-27 21:00:35.433241+00
1680,1,611,24.4,63.2,-64,10,9180,t,,2026-08-27 21:00:39.180886+00
1681,2,584,27.4,55,-98,2.75,8775,t,,2026-08-27 21:00:50.431452+00
1682,1,612,24.4,63,-66,9.25,9195,t,,2026-08-27 21:00:54.181512+00
1683,1,613,24.4,63,-65,9.75,9210,t,,2026-08-27 21:01:09.181261+00
1684,1,614,24.4,62.9,-64,9.75,9225,t,,2026-08-27 21:01:24.181176+00
1685,2,587,27.4,55,-99,-0.5,8820,t,,2026-08-27 21:01:35.430941+00
1686,1,615,24.4,62.8,-62,11,9240,t,,2026-08-27 21:01:39.178425+00
1687,2,588,27.5,55,-96,3.5,8835,t,,2026-08-27 21:01:50.428849+00
1688,1,616,24.4,62.9,-64,9.5,9255,t,,2026-08-27 21:01:54.179532+00
1689,2,589,27.2,55,-97,2.5,8850,t,,2026-08-27 21:02:05.429943+00
1690,1,617,24.4,62.9,-64,9.25,9270,t,,2026-08-27 21:02:09.1771+00
1691,2,590,27,55,-96,4.25,8865,t,,2026-08-27 21:02:20.428075+00
1692,1,618,24.4,62.8,-65,9.5,9285,t,,2026-08-27 21:02:24.179745+00
1693,2,591,27.2,55,-95,4.5,8880,t,,2026-08-27 21:02:35.426344+00
1694,1,619,24.4,62.7,-64,9.25,9300,t,,2026-08-27 21:02:39.177957+00
1695,2,592,27.2,55,-96,4.5,8895,t,,2026-08-27 21:02:50.429054+00
1696,1,620,24.4,62.7,-64,9.5,9315,t,,2026-08-27 21:02:54.177348+00
1697,2,593,27.1,55,-97,3.25,8910,t,,2026-08-27 21:03:05.429555+00
1698,1,621,24.4,62.7,-64,9.25,9330,t,,2026-08-27 21:03:09.178557+00
1699,2,594,27.8,55,-96,3.25,8925,t,,2026-08-27 21:03:20.425068+00
1700,1,622,24.4,62.7,-65,9.75,9345,t,,2026-08-27 21:03:24.177264+00
1701,2,595,27.1,55,-96,4.25,8940,t,,2026-08-27 21:03:35.426993+00
1702,1,623,24.4,62.7,-64,10,9360,t,,2026-08-27 21:03:39.177209+00
1703,2,596,27.4,55,-96,3.25,8955,t,,2026-08-27 21:03:50.424284+00
1704,1,624,24.4,62.7,-64,9.5,9375,t,,2026-08-27 21:03:54.176346+00
1705,2,597,27.8,55,-96,3.5,8970,t,,2026-08-27 21:04:05.424931+00
1706,1,625,24.3,62.7,-64,10,9390,t,,2026-08-27 21:04:09.17429+00
1707,2,598,27,55,-96,3.5,8985,t,,2026-08-27 21:04:20.426974+00
1708,1,626,24.4,62.8,-64,9.75,9405,t,,2026-08-27 21:04:24.175485+00
1709,2,599,27.1,55,-97,3,9000,t,,2026-08-27 21:04:35.423961+00
1710,1,627,24.4,62.8,-64,10,9420,t,,2026-08-27 21:04:39.175275+00
1711,2,600,27.2,55,-98,2.75,9015,t,,2026-08-27 21:04:50.42528+00
1712,1,628,24.4,62.8,-64,9.75,9435,t,,2026-08-27 21:04:54.172823+00
1713,2,601,27.9,55,-97,2.75,9030,t,,2026-08-27 21:05:05.424163+00
1714,1,629,24.4,62.9,-65,9.75,9450,t,,2026-08-27 21:05:09.174778+00
1715,2,602,27.5,55,-97,2.75,9045,t,,2026-08-27 21:05:20.423445+00
1716,1,630,24.4,62.9,-65,9.5,9465,t,,2026-08-27 21:05:24.173212+00
1717,2,603,27.9,55,-101,-5.25,9060,t,,2026-08-27 21:05:35.423203+00
1718,1,631,24.4,62.9,-65,9.5,9480,t,,2026-08-27 21:05:39.175119+00
1719,2,604,27.5,55,-99,0.25,9075,t,,2026-08-27 21:05:50.422562+00
1720,1,632,24.4,62.8,-65,10.25,9495,t,,2026-08-27 21:05:54.174897+00
1721,2,605,27.4,56,-101,-2.75,9090,t,,2026-08-27 21:06:05.420463+00
1722,1,633,24.4,62.8,-65,9.5,9510,t,,2026-08-27 21:06:09.172529+00
1723,2,606,27.4,55,-101,-1.25,9105,t,,2026-08-27 21:06:20.422507+00
1724,1,634,24.4,62.8,-65,10.25,9525,t,,2026-08-27 21:06:24.173188+00
1725,2,607,27.3,56,-100,-0.5,9120,t,,2026-08-27 21:06:35.421167+00
1726,1,635,24.4,62.8,-64,9.75,9540,t,,2026-08-27 21:06:39.172271+00
1727,2,608,27.2,56,-100,-1,9135,t,,2026-08-27 21:06:50.419303+00
1728,1,636,24.4,62.8,-65,9.75,9555,t,,2026-08-27 21:06:54.171225+00
1729,2,609,27.7,55,-101,-2.25,9150,t,,2026-08-27 21:07:05.419559+00
1730,1,637,24.4,62.8,-65,10.25,9570,t,,2026-08-27 21:07:09.17256+00
1731,2,610,27.2,55,-99,1.5,9165,t,,2026-08-27 21:07:20.418883+00
1732,1,638,24.4,62.7,-66,9.75,9585,t,,2026-08-27 21:07:24.17021+00
1733,2,611,27.7,56,-99,0.75,9180,t,,2026-08-27 21:07:35.417668+00
1734,1,639,24.4,62.7,-65,10,9600,t,,2026-08-27 21:07:39.172396+00
1735,2,612,27.4,56,-100,0.25,9195,t,,2026-08-27 21:07:50.418773+00
1736,1,640,24.4,62.7,-65,10,9615,t,,2026-08-27 21:07:54.169842+00
1737,2,613,27.8,56,-99,1,9210,t,,2026-08-27 21:08:05.418964+00
1738,1,641,24.4,62.7,-65,9.75,9630,t,,2026-08-27 21:08:09.168569+00
1739,2,614,27.4,56,-100,-0.25,9225,t,,2026-08-27 21:08:20.41886+00
1740,1,642,24.4,62.7,-66,9.75,9645,t,,2026-08-27 21:08:24.170927+00
1741,2,615,27.4,56,-100,0.75,9240,t,,2026-08-27 21:08:35.418358+00
1742,1,643,24.4,62.7,-65,10,9660,t,,2026-08-27 21:08:39.168577+00
1743,2,616,27.5,56,-99,1,9255,t,,2026-08-27 21:08:50.416367+00
1744,1,644,24.4,62.7,-65,9.5,9675,t,,2026-08-27 21:08:54.170175+00
1745,2,617,27.1,56,-101,-0.5,9270,t,,2026-08-27 21:09:05.416114+00
1746,1,645,24.4,62.7,-65,9.75,9690,t,,2026-08-27 21:09:09.170269+00
1747,2,618,27.3,55,-100,1,9285,t,,2026-08-27 21:09:20.415051+00
1748,1,646,24.3,62.7,-65,9.5,9705,t,,2026-08-27 21:09:24.168616+00
1749,2,619,27.8,55,-100,0.75,9300,t,,2026-08-27 21:09:35.414042+00
1750,1,647,24.4,62.7,-65,9.25,9720,t,,2026-08-27 21:09:39.170384+00
1751,2,620,27.8,55,-100,0.75,9315,t,,2026-08-27 21:09:50.415683+00
1752,1,648,24.4,62.7,-66,9.5,9735,t,,2026-08-27 21:09:54.168275+00
1753,2,621,27.8,55,-101,-1,9330,t,,2026-08-27 21:10:05.41432+00
1754,1,649,24.3,62.7,-65,9.5,9750,t,,2026-08-27 21:10:09.166743+00
1755,2,622,27,56,-100,0.75,9345,t,,2026-08-27 21:10:20.412285+00
1756,1,650,24.3,62.6,-65,9,9765,t,,2026-08-27 21:10:24.167262+00
1757,2,623,27.2,56,-99,0.5,9360,t,,2026-08-27 21:10:35.413625+00
1758,1,651,24.3,62.7,-65,9.5,9780,t,,2026-08-27 21:10:39.165458+00
1759,2,624,27.8,56,-100,-0.25,9375,t,,2026-08-27 21:10:50.416141+00
1760,1,652,24.3,62.7,-65,10.25,9795,t,,2026-08-27 21:10:54.167017+00
1761,2,625,27.1,56,-100,0.25,9390,t,,2026-08-27 21:11:05.409939+00
1762,1,653,24.3,62.7,-64,10.25,9810,t,,2026-08-27 21:11:09.167198+00
1763,2,626,27.2,56,-102,-3.75,9405,t,,2026-08-27 21:11:20.411765+00
1764,1,654,24.3,62.7,-65,9.75,9825,t,,2026-08-27 21:11:24.163823+00
1765,2,627,27.1,56,-100,0,9420,t,,2026-08-27 21:11:35.410657+00
1766,1,655,24.3,62.7,-65,10,9840,t,,2026-08-27 21:11:39.166215+00
1767,2,628,27.1,56,-100,-0.25,9435,t,,2026-08-27 21:11:50.409856+00
1768,1,656,24.3,62.7,-65,10.25,9855,t,,2026-08-27 21:11:54.165798+00
1769,2,629,27.2,56,-100,0.5,9450,t,,2026-08-27 21:12:05.410544+00
1770,1,657,24.3,62.7,-65,9.5,9870,t,,2026-08-27 21:12:09.16193+00
1771,2,630,27,56,-99,1.5,9465,t,,2026-08-27 21:12:20.40926+00
1772,1,658,24.4,62.8,-65,9.5,9885,t,,2026-08-27 21:12:24.163956+00
1773,2,631,27.1,56,-100,-1,9480,t,,2026-08-27 21:12:35.408777+00
1774,1,659,24.4,62.7,-65,9.5,9900,t,,2026-08-27 21:12:39.163267+00
1775,2,632,27.3,56,-100,0.25,9495,t,,2026-08-27 21:12:50.408913+00
1776,1,660,24.4,62.7,-65,9.5,9915,t,,2026-08-27 21:12:54.164463+00
1777,2,633,27.6,56,-101,-1.75,9510,t,,2026-08-27 21:13:05.410405+00
1778,1,661,24.4,62.7,-65,9.5,9930,t,,2026-08-27 21:13:09.162489+00
1779,2,634,27,56,-99,1.25,9525,t,,2026-08-27 21:13:20.408687+00
1780,1,662,24.4,62.7,-65,9.5,9945,t,,2026-08-27 21:13:24.162488+00
1781,2,635,27.1,56,-99,1.5,9540,t,,2026-08-27 21:13:35.408914+00
1782,1,663,24.4,62.7,-64,9.75,9960,t,,2026-08-27 21:13:39.162463+00
1783,2,636,27.4,56,-99,1.5,9555,t,,2026-08-27 21:13:50.407237+00
1784,1,664,24.3,62.7,-65,9.5,9975,t,,2026-08-27 21:13:54.163995+00
1785,2,637,27.3,56,-100,0.5,9570,t,,2026-08-27 21:14:05.40693+00
1786,1,665,24.3,62.7,-66,9.5,9990,t,,2026-08-27 21:14:09.162938+00
1787,2,638,27.1,56,-99,0.5,9585,t,,2026-08-27 21:14:20.405387+00
1788,1,666,24.3,62.7,-66,9.25,10005,t,,2026-08-27 21:14:24.164925+00
1789,2,639,27.3,56,-99,2,9600,t,,2026-08-27 21:14:35.409679+00
1790,1,667,24.3,62.7,-65,11.75,10020,t,,2026-08-27 21:14:39.160094+00
1791,2,640,27.1,56,-100,0,9615,t,,2026-08-27 21:14:50.405447+00
1792,1,668,24.3,62.7,-68,9.25,10035,t,,2026-08-27 21:14:54.161353+00
1793,2,641,27.4,56,-100,2,9630,t,,2026-08-27 21:15:05.404033+00
1794,1,669,24.4,62.7,-65,9.75,10050,t,,2026-08-27 21:15:09.159694+00
1795,2,642,27.3,56,-101,0.5,9645,t,,2026-08-27 21:15:20.402549+00
1796,1,670,24.4,62.7,-66,9.75,10065,t,,2026-08-27 21:15:24.157786+00
1797,2,643,27,56,-100,1,9660,t,,2026-08-27 21:15:35.404037+00
1798,1,671,24.3,62.6,-66,9.5,10080,t,,2026-08-27 21:15:39.1597+00
1799,2,644,27.4,56,-100,1,9675,t,,2026-08-27 21:15:50.403576+00
1800,1,672,24.3,62.6,-67,9.25,10095,t,,2026-08-27 21:15:54.157794+00
1801,2,645,27.3,56,-99,2,9690,t,,2026-08-27 21:16:05.400998+00
1802,1,673,24.3,62.5,-66,10,10110,t,,2026-08-27 21:16:09.159981+00
1803,2,646,27.8,55,-100,0.75,9705,t,,2026-08-27 21:16:20.401679+00
1804,1,674,24.3,62.5,-66,9.75,10125,t,,2026-08-27 21:16:24.157626+00
1805,2,647,27,55,-100,0.5,9720,t,,2026-08-27 21:16:35.401735+00
1806,1,675,24.4,62.5,-68,9.5,10140,t,,2026-08-27 21:16:39.158108+00
1807,2,648,27.5,56,-100,0.5,9735,t,,2026-08-27 21:16:50.399919+00
1808,1,676,24.3,62.5,-67,9,10155,t,,2026-08-27 21:16:54.159553+00
1809,2,649,27.1,56,-100,0.5,9750,t,,2026-08-27 21:17:05.401734+00
1810,1,677,24.3,62.5,-66,9.75,10170,t,,2026-08-27 21:17:09.157505+00
1811,2,650,27.4,56,-100,0.75,9765,t,,2026-08-27 21:17:20.400971+00
1812,1,678,24.3,62.5,-66,9.75,10185,t,,2026-08-27 21:17:24.164044+00
1813,2,651,27.1,56,-100,1.25,9780,t,,2026-08-27 21:17:35.400237+00
1814,1,679,24.3,62.5,-66,10,10200,t,,2026-08-27 21:17:39.156672+00
1815,2,652,27.4,56,-99,1,9795,t,,2026-08-27 21:17:50.398859+00
1816,1,680,24.4,62.4,-67,9.5,10215,t,,2026-08-27 21:17:54.156065+00
1817,2,653,27.3,56,-100,1,9810,t,,2026-08-27 21:18:05.399399+00
1818,1,681,24.3,62.4,-66,9.5,10230,t,,2026-08-27 21:18:09.156679+00
1819,2,654,27.2,56,-100,1.5,9825,t,,2026-08-27 21:18:20.399862+00
1820,1,682,24.4,62.4,-67,9.75,10245,t,,2026-08-27 21:18:24.15497+00
1821,2,655,27.4,56,-99,1.25,9840,t,,2026-08-27 21:18:35.397807+00
1822,1,683,24.3,62.4,-66,10,10260,t,,2026-08-27 21:18:39.154421+00
1823,2,656,27.3,56,-101,0.5,9855,t,,2026-08-27 21:18:50.39645+00
1824,1,684,24.4,62.4,-66,9.25,10275,t,,2026-08-27 21:18:54.155036+00
1825,2,657,27.2,56,-99,1.5,9870,t,,2026-08-27 21:19:05.397272+00
1826,1,685,24.3,62.4,-67,9.75,10290,t,,2026-08-27 21:19:09.153928+00
1827,2,658,27.8,56,-100,1.25,9885,t,,2026-08-27 21:19:20.395657+00
1828,1,686,24.4,62.4,-67,9.25,10305,t,,2026-08-27 21:19:24.155461+00
1829,2,659,27.6,56,-100,1.5,9900,t,,2026-08-27 21:19:35.394387+00
1830,1,687,24.4,62.4,-67,9.5,10320,t,,2026-08-27 21:19:39.154783+00
1831,2,660,27.3,56,-99,1.5,9915,t,,2026-08-27 21:19:50.396289+00
1832,1,688,24.3,62.5,-67,9.5,10335,t,,2026-08-27 21:19:54.151519+00
1833,2,661,27.1,56,-102,-2,9930,t,,2026-08-27 21:20:05.394045+00
1834,1,689,24.4,62.5,-66,9.5,10350,t,,2026-08-27 21:20:09.154336+00
1835,2,662,27.3,56,-99,2,9945,t,,2026-08-27 21:20:20.393558+00
1836,1,690,24.3,62.5,-65,9.5,10365,t,,2026-08-27 21:20:24.153121+00
1837,2,663,27.7,56,-100,1.75,9960,t,,2026-08-27 21:20:35.394346+00
1838,1,691,24.3,62.5,-65,9.25,10380,t,,2026-08-27 21:20:39.151994+00
1839,2,664,27,56,-99,1.25,9975,t,,2026-08-27 21:20:50.392041+00
1840,1,692,24.3,62.5,-65,9.75,10395,t,,2026-08-27 21:20:54.152766+00
1841,2,665,27.3,56,-101,0.25,9990,t,,2026-08-27 21:21:05.392186+00
1842,1,693,24.3,62.5,-66,9.25,10410,t,,2026-08-27 21:21:09.152841+00
1843,2,666,27.2,56,-101,0.25,10005,t,,2026-08-27 21:21:20.392867+00
1844,1,694,24.3,62.5,-66,9.75,10425,t,,2026-08-27 21:21:24.151628+00
1845,2,667,27.6,56,-101,0.75,10020,t,,2026-08-27 21:21:35.392595+00
1846,1,695,24.4,62.5,-65,9.5,10440,t,,2026-08-27 21:21:39.151485+00
1847,2,668,27.2,56,-101,0.5,10035,t,,2026-08-27 21:21:50.392758+00
1848,1,696,24.3,62.5,-65,9.75,10455,t,,2026-08-27 21:21:54.151141+00
1849,2,669,27.3,56,-100,0.5,10050,t,,2026-08-27 21:22:05.391988+00
1850,1,697,24.3,62.5,-65,9.5,10470,t,,2026-08-27 21:22:09.150602+00
1851,2,670,27.9,56,-101,0.5,10065,t,,2026-08-27 21:22:20.392563+00
1852,1,698,24.3,62.5,-65,10,10485,t,,2026-08-27 21:22:24.154922+00
1853,2,671,27.5,56,-101,0.5,10080,t,,2026-08-27 21:22:35.391653+00
1854,1,699,24.3,62.6,-65,9.75,10500,t,,2026-08-27 21:22:39.150355+00
1855,2,672,27.8,56,-101,0.75,10095,t,,2026-08-27 21:22:50.390261+00
1856,1,700,24.3,62.6,-65,9.75,10515,t,,2026-08-27 21:22:54.149771+00
1857,2,673,27.4,56,-100,0.75,10110,t,,2026-08-27 21:23:05.390237+00
1858,1,701,24.3,62.7,-65,9.75,10530,t,,2026-08-27 21:23:09.150317+00
1859,2,674,27.5,56,-101,0.75,10125,t,,2026-08-27 21:23:20.390564+00
1860,1,702,24.3,62.7,-65,9.25,10545,t,,2026-08-27 21:23:24.151756+00
1861,2,675,27,57,-101,0.25,10140,t,,2026-08-27 21:23:35.388582+00
1862,1,703,24.4,62.7,-65,9.5,10560,t,,2026-08-27 21:23:39.15015+00
1863,2,676,27.2,57,-100,0.25,10155,t,,2026-08-27 21:23:50.388514+00
1864,1,704,24.4,62.7,-65,9.75,10575,t,,2026-08-27 21:23:54.147464+00
1865,2,677,27.7,56,-101,0.75,10170,t,,2026-08-27 21:24:05.388183+00
1866,1,705,24.4,62.7,-65,10.5,10590,t,,2026-08-27 21:24:09.147997+00
1867,2,678,27.7,56,-100,0.5,10185,t,,2026-08-27 21:24:20.386424+00
1868,1,706,24.4,62.7,-65,9.25,10605,t,,2026-08-27 21:24:24.147656+00
1869,2,679,27.6,56,-101,0.75,10200,t,,2026-08-27 21:24:35.386466+00
1870,1,707,24.3,62.7,-66,9.75,10620,t,,2026-08-27 21:24:39.147747+00
1871,2,680,27.2,56,-100,1,10215,t,,2026-08-27 21:24:50.386821+00
1872,1,708,24.3,62.7,-65,9.75,10635,t,,2026-08-27 21:24:54.149135+00
1873,2,681,27.5,56,-100,1.25,10230,t,,2026-08-27 21:25:05.387032+00
1874,1,709,24.4,62.6,-66,9.5,10650,t,,2026-08-27 21:25:09.147573+00
1875,2,682,27.9,56,-100,1.5,10245,t,,2026-08-27 21:25:20.386361+00
1876,1,710,24.4,62.7,-66,9.25,10665,t,,2026-08-27 21:25:24.146348+00
1877,2,683,27.1,56,-100,1.75,10260,t,,2026-08-27 21:25:35.389163+00
1878,1,711,24.3,62.7,-66,9.25,10680,t,,2026-08-27 21:25:39.14718+00
1879,2,684,27.1,56,-100,1.75,10275,t,,2026-08-27 21:25:50.384932+00
1880,1,712,24.3,62.7,-66,9.25,10695,t,,2026-08-27 21:25:54.146327+00
1881,2,685,27.3,56,-100,1.5,10290,t,,2026-08-27 21:26:05.384932+00
1882,1,713,24.3,62.7,-66,9,10710,t,,2026-08-27 21:26:09.145745+00
1883,2,686,27.8,56,-100,1.75,10305,t,,2026-08-27 21:26:20.384131+00
1884,1,714,24.3,62.7,-66,9.25,10725,t,,2026-08-27 21:26:24.149249+00
1885,2,687,27.5,56,-100,1.5,10320,t,,2026-08-27 21:26:35.382164+00
1886,1,715,24.4,62.7,-66,9.75,10740,t,,2026-08-27 21:26:39.145251+00
1887,2,688,27.8,56,-100,1.75,10335,t,,2026-08-27 21:26:50.383257+00
1888,1,716,24.3,62.7,-66,9.75,10755,t,,2026-08-27 21:26:54.144441+00
1889,2,689,27.1,56,-100,1.25,10350,t,,2026-08-27 21:27:05.383007+00
1890,1,717,24.3,62.7,-66,9.75,10770,t,,2026-08-27 21:27:09.144151+00
1891,2,690,27.2,56,-100,0.75,10365,t,,2026-08-27 21:27:20.383296+00
1892,1,718,24.3,62.7,-65,9.5,10785,t,,2026-08-27 21:27:24.144555+00
1893,2,691,27.5,56,-100,1.75,10380,t,,2026-08-27 21:27:35.383102+00
1894,1,719,24.3,62.7,-64,9.75,10800,t,,2026-08-27 21:27:39.14315+00
1895,2,692,27.4,56,-100,1.5,10395,t,,2026-08-27 21:27:50.381054+00
1896,1,720,24.4,62.7,-65,9.5,10815,t,,2026-08-27 21:27:54.144071+00
1897,2,693,27.1,56,-100,1.25,10410,t,,2026-08-27 21:28:05.380004+00
1898,1,721,24.3,62.7,-65,9.5,10830,t,,2026-08-27 21:28:09.142218+00
1899,2,694,27.3,56,-100,1.25,10425,t,,2026-08-27 21:28:20.380806+00
1900,1,722,24.4,62.7,-66,9.25,10845,t,,2026-08-27 21:28:24.146641+00
1901,2,695,27.6,56,-101,2,10440,t,,2026-08-27 21:28:35.380026+00
1902,1,723,24.3,62.8,-65,9.75,10860,t,,2026-08-27 21:28:39.141252+00
1903,2,696,27.1,57,-101,2,10455,t,,2026-08-27 21:28:50.378861+00
1904,1,724,24.3,62.8,-66,9.25,10875,t,,2026-08-27 21:28:54.141333+00
1905,2,697,27.5,56,-100,2,10470,t,,2026-08-27 21:29:05.381052+00
1906,1,725,24.3,62.8,-66,11.75,10890,t,,2026-08-27 21:29:09.141048+00
1907,2,698,27.9,56,-100,2.25,10485,t,,2026-08-27 21:29:20.378411+00
1908,1,726,24.3,62.8,-66,9.25,10905,t,,2026-08-27 21:29:24.14063+00
1909,2,699,27.2,56,-100,2.25,10500,t,,2026-08-27 21:29:35.377794+00
1910,1,727,24.3,62.8,-66,9.25,10920,t,,2026-08-27 21:29:39.139656+00
1911,2,700,27.6,56,-101,2,10515,t,,2026-08-27 21:29:50.377711+00
1912,1,728,24.4,62.8,-66,9.25,10935,t,,2026-08-27 21:29:54.140643+00
1913,2,701,27,56,-101,1.75,10530,t,,2026-08-27 21:30:05.378357+00
1914,1,729,24.3,62.8,-66,9.25,10950,t,,2026-08-27 21:30:09.14134+00
1915,2,702,27.3,56,-100,2,10545,t,,2026-08-27 21:30:20.375743+00
1916,1,730,24.3,62.8,-66,9.25,10965,t,,2026-08-27 21:30:24.141914+00
1917,2,703,27.5,56,-101,1,10560,t,,2026-08-27 21:30:35.375343+00
1918,1,731,24.3,62.8,-66,8.75,10980,t,,2026-08-27 21:30:39.138259+00
1919,2,704,27.5,56,-101,1.25,10575,t,,2026-08-27 21:30:50.376012+00
1920,1,732,24.3,62.8,-66,9.5,10995,t,,2026-08-27 21:30:54.138278+00
1921,2,705,27.7,56,-101,1,10590,t,,2026-08-27 21:31:05.375154+00
1922,1,733,24.3,62.8,-66,9.25,11010,t,,2026-08-27 21:31:09.139462+00
1923,2,706,27.8,56,-101,1.75,10605,t,,2026-08-27 21:31:20.374777+00
1924,1,734,24.4,62.8,-66,9.25,11025,t,,2026-08-27 21:31:24.137882+00
1925,2,707,27.5,56,-101,1.5,10620,t,,2026-08-27 21:31:35.377181+00
1926,1,735,24.3,62.8,-66,9.5,11040,t,,2026-08-27 21:31:39.137978+00
1927,2,708,27.9,56,-101,1.25,10635,t,,2026-08-27 21:31:50.374911+00
1928,1,736,24.4,62.8,-65,9.5,11055,t,,2026-08-27 21:31:54.137854+00
1929,2,709,27.8,56,-101,1.75,10650,t,,2026-08-27 21:32:05.373996+00
1930,1,737,24.3,62.8,-66,9.75,11070,t,,2026-08-27 21:32:09.137934+00
1931,2,710,27.6,56,-100,2,10665,t,,2026-08-27 21:32:20.373683+00
1932,1,738,24.4,62.8,-66,9.5,11085,t,,2026-08-27 21:32:24.138023+00
1933,2,711,27.2,57,-101,1.75,10680,t,,2026-08-27 21:32:35.372548+00
1934,1,739,24.4,62.8,-66,9,11100,t,,2026-08-27 21:32:39.136524+00
1935,2,712,27.4,56,-101,2.25,10695,t,,2026-08-27 21:32:50.372245+00
1936,1,740,24.4,62.8,-66,10,11115,t,,2026-08-27 21:32:54.135102+00
1937,2,713,27.1,56,-101,1.5,10710,t,,2026-08-27 21:33:05.371376+00
1938,1,741,24.4,62.7,-65,9.25,11130,t,,2026-08-27 21:33:09.135987+00
1939,2,714,27.2,56,-101,1.75,10725,t,,2026-08-27 21:33:20.375018+00
1940,1,742,24.4,62.7,-66,9.75,11145,t,,2026-08-27 21:33:24.133972+00
1941,2,715,27.6,56,-101,2,10740,t,,2026-08-27 21:33:35.370427+00
1942,1,743,24.4,62.7,-66,10,11160,t,,2026-08-27 21:33:39.136291+00
1943,2,716,27.9,56,-101,1.75,10755,t,,2026-08-27 21:33:50.369371+00
1944,1,744,24.4,62.7,-67,9.5,11175,t,,2026-08-27 21:33:54.135271+00
1945,2,717,27.6,56,-101,2,10770,t,,2026-08-27 21:34:05.369294+00
1946,1,745,24.4,62.7,-67,9.5,11190,t,,2026-08-27 21:34:09.134252+00
1947,2,718,27.1,55,-101,2,10785,t,,2026-08-27 21:34:20.375872+00
1948,1,746,24.4,62.7,-67,9.25,11205,t,,2026-08-27 21:34:24.134532+00
1949,2,719,27.3,56,-101,1.75,10800,t,,2026-08-27 21:34:35.368737+00
1950,1,747,24.4,62.7,-67,9.75,11220,t,,2026-08-27 21:34:39.13463+00
1951,2,720,27.1,56,-101,1.25,10815,t,,2026-08-27 21:34:50.367657+00
1952,1,748,24.4,62.8,-67,9.75,11235,t,,2026-08-27 21:34:54.132937+00
1953,2,721,27.3,56,-101,1.25,10830,t,,2026-08-27 21:35:05.369478+00
1954,1,749,24.4,62.7,-67,9.25,11250,t,,2026-08-27 21:35:09.132717+00
1955,2,722,27.9,56,-101,1.25,10845,t,,2026-08-27 21:35:20.368765+00
1956,1,750,24.4,62.7,-67,9.75,11265,t,,2026-08-27 21:35:24.133529+00
1957,2,723,27.6,56,-101,1.25,10860,t,,2026-08-27 21:35:35.367+00
1958,1,751,24.4,62.7,-67,9.75,11280,t,,2026-08-27 21:35:39.132175+00
1959,2,724,27.7,56,-101,1.5,10875,t,,2026-08-27 21:35:50.365677+00
1960,1,752,24.4,62.7,-66,10,11295,t,,2026-08-27 21:35:54.131487+00
1961,2,725,27.6,56,-101,1.75,10890,t,,2026-08-27 21:36:05.3671+00
1962,1,753,24.4,62.7,-66,9.5,11310,t,,2026-08-27 21:36:09.131874+00
1963,2,726,27.4,56,-101,1.5,10905,t,,2026-08-27 21:36:20.367297+00
1964,1,754,24.4,62.7,-66,9.5,11325,t,,2026-08-27 21:36:24.131563+00
1965,2,727,27.2,56,-101,1.75,10920,t,,2026-08-27 21:36:35.370217+00
1966,1,755,24.4,62.7,-67,9.5,11340,t,,2026-08-27 21:36:39.131846+00
1967,2,728,27.5,56,-101,1.5,10935,t,,2026-08-27 21:36:50.366803+00
1968,1,756,24.4,62.8,-66,9.5,11355,t,,2026-08-27 21:36:54.133821+00
1969,2,729,27.3,57,-101,2.25,10950,t,,2026-08-27 21:37:05.364617+00
1970,1,757,24.3,62.8,-66,9.5,11370,t,,2026-08-27 21:37:09.130028+00
1971,2,730,27.5,57,-101,1.75,10965,t,,2026-08-27 21:37:20.364755+00
1972,1,758,24.4,62.8,-67,9.25,11385,t,,2026-08-27 21:37:24.134139+00
1973,2,731,27.4,56,-100,2,10980,t,,2026-08-27 21:37:35.36308+00
1974,1,759,24.4,62.9,-67,9.5,11400,t,,2026-08-27 21:37:39.128472+00
1975,2,732,27.1,56,-101,1.5,10995,t,,2026-08-27 21:37:50.36187+00
1976,1,760,24.4,62.9,-67,9.75,11415,t,,2026-08-27 21:37:54.128793+00
1977,2,733,27.3,56,-101,1.75,11010,t,,2026-08-27 21:38:05.364096+00
1978,1,761,24.4,62.8,-66,9.5,11430,t,,2026-08-27 21:38:09.12863+00
1979,2,734,27,55,-101,1.75,11025,t,,2026-08-27 21:38:20.360545+00
1980,1,762,24.4,62.8,-66,9.25,11445,t,,2026-08-27 21:38:24.128598+00
1981,2,735,27.4,56,-101,2,11040,t,,2026-08-27 21:38:35.364317+00
1982,1,763,24.4,62.8,-67,9.5,11460,t,,2026-08-27 21:38:39.126806+00
1983,2,736,27,56,-101,1.75,11055,t,,2026-08-27 21:38:50.361121+00
1984,1,764,24.4,62.7,-67,9.5,11475,t,,2026-08-27 21:38:54.128278+00
1985,2,737,27.1,56,-101,2,11070,t,,2026-08-27 21:39:05.360994+00
1986,1,765,24.4,62.7,-66,10,11490,t,,2026-08-27 21:39:09.128339+00
1987,2,738,27.2,56,-101,1.5,11085,t,,2026-08-27 21:39:20.360045+00
1988,1,766,24.4,62.7,-66,9.25,11505,t,,2026-08-27 21:39:24.125578+00
1989,2,739,27.6,56,-101,1.5,11100,t,,2026-08-27 21:39:35.359828+00
1990,1,767,24.4,62.7,-67,9.5,11520,t,,2026-08-27 21:39:39.130381+00
1991,2,740,27.4,56,-101,1.75,11115,t,,2026-08-27 21:39:50.35963+00
1992,1,768,24.4,62.7,-67,9.75,11535,t,,2026-08-27 21:39:54.126289+00
1993,2,741,27.4,55,-101,1.5,11130,t,,2026-08-27 21:40:05.356591+00
1994,1,769,24.4,62.7,-67,9.75,11550,t,,2026-08-27 21:40:09.125077+00
1995,2,742,27.5,55,-101,1.5,11145,t,,2026-08-27 21:40:20.366063+00
1996,1,770,24.4,62.7,-67,9.5,11565,t,,2026-08-27 21:40:24.125593+00
1997,2,743,27.2,55,-101,1.75,11160,t,,2026-08-27 21:40:35.360468+00
1998,1,771,24.4,62.7,-67,9.75,11580,t,,2026-08-27 21:40:39.125551+00
1999,2,744,27.9,56,-101,1.5,11175,t,,2026-08-27 21:40:50.357053+00
2000,1,772,24.4,62.7,-67,9.5,11595,t,,2026-08-27 21:40:54.127254+00
2001,2,745,27.7,56,-101,2,11190,t,,2026-08-27 21:41:05.358008+00
2002,1,773,24.4,62.7,-67,9.5,11610,t,,2026-08-27 21:41:09.124353+00
2003,2,746,27.8,55,-101,2.25,11205,t,,2026-08-27 21:41:20.356392+00
2004,1,774,24.4,62.7,-67,9.25,11625,t,,2026-08-27 21:41:24.123595+00
2005,2,747,27.8,56,-100,2,11220,t,,2026-08-27 21:41:35.358081+00
2006,1,775,24.4,62.7,-67,9.75,11640,t,,2026-08-27 21:41:39.937066+00
2007,2,748,27.7,56,-101,1.75,11235,t,,2026-08-27 21:41:50.355887+00
2008,1,776,24.4,62.7,-67,9.25,11655,t,,2026-08-27 21:41:54.123746+00
2009,2,749,27.7,55,-101,2.25,11250,t,,2026-08-27 21:42:05.357972+00
2010,1,777,24.4,62.7,-67,9,11670,t,,2026-08-27 21:42:09.124886+00
2011,2,750,27.2,55,-100,2.5,11265,t,,2026-08-27 21:42:20.354188+00
2012,1,778,24.3,62.7,-66,9.75,11685,t,,2026-08-27 21:42:24.12415+00
2013,2,751,27.8,56,-101,2.25,11280,t,,2026-08-27 21:42:35.354586+00
2014,1,779,24.3,62.7,-66,10,11700,t,,2026-08-27 21:42:39.122002+00
2015,2,752,27.6,56,-101,2.5,11295,t,,2026-08-27 21:42:50.353082+00
2016,1,780,24.4,62.7,-67,10,11715,t,,2026-08-27 21:42:54.122041+00
2017,2,753,27.5,55,-100,3,11310,t,,2026-08-27 21:43:05.352362+00
2018,1,781,24.4,62.7,-67,10.25,11730,t,,2026-08-27 21:43:09.12175+00
2019,2,754,27.2,55,-100,3,11325,t,,2026-08-27 21:43:20.35366+00
2020,1,782,24.4,62.7,-67,9.25,11745,t,,2026-08-27 21:43:24.122467+00
2021,2,755,27.2,55,-100,2.5,11340,t,,2026-08-27 21:43:35.352553+00
2022,1,783,24.4,62.7,-67,9.25,11760,t,,2026-08-27 21:43:39.123017+00
2023,2,756,27.1,55,-100,2.5,11355,t,,2026-08-27 21:43:50.352492+00
2024,1,784,24.4,62.7,-67,9.25,11775,t,,2026-08-27 21:43:54.1264+00
2025,2,757,27.4,55,-100,2.5,11370,t,,2026-08-27 21:44:05.352319+00
2026,1,785,24.4,62.7,-66,10,11790,t,,2026-08-27 21:44:09.119322+00
2027,2,758,27.6,55,-100,2.5,11385,t,,2026-08-27 21:44:20.351058+00
2028,1,786,24.4,62.7,-66,9.25,11805,t,,2026-08-27 21:44:24.120058+00
2029,2,759,27.3,55,-100,2.25,11400,t,,2026-08-27 21:44:35.351797+00
2030,1,787,24.3,62.7,-66,10,11820,t,,2026-08-27 21:44:39.12132+00
2031,2,760,27.9,55,-100,3.25,11415,t,,2026-08-27 21:44:50.350545+00
2032,1,788,24.4,62.7,-66,10,11835,t,,2026-08-27 21:44:54.119521+00
2033,2,761,27.7,55,-101,2.25,11430,t,,2026-08-27 21:45:05.349051+00
2034,1,789,24.3,62.7,-67,9.75,11850,t,,2026-08-27 21:45:09.119542+00
2035,2,762,27.5,55,-101,1.5,11445,t,,2026-08-27 21:45:20.349214+00
2036,1,790,24.3,62.7,-67,9.5,11865,t,,2026-08-27 21:45:24.117459+00
2037,2,763,27.1,56,-101,1,11460,t,,2026-08-27 21:45:35.349071+00
2038,1,791,24.3,62.7,-67,10,11880,t,,2026-08-27 21:45:39.123561+00
2039,2,764,27.1,56,-100,2.75,11475,t,,2026-08-27 21:45:50.348929+00
2040,1,792,24.4,62.7,-67,9.5,11895,t,,2026-08-27 21:45:54.116881+00
2041,2,765,27.3,56,-101,1.75,11490,t,,2026-08-27 21:46:05.349034+00
2042,1,793,24.4,62.7,-67,9.75,11910,t,,2026-08-27 21:46:09.11743+00
2043,2,766,27.6,56,-101,0.75,11505,t,,2026-08-27 21:46:20.347349+00
2044,1,794,24.4,62.7,-68,9.75,11925,t,,2026-08-27 21:46:24.116218+00
2045,2,767,27.2,56,-102,-0.75,11520,t,,2026-08-27 21:46:35.344349+00
2046,1,795,24.3,62.7,-67,9.75,11940,t,,2026-08-27 21:46:39.116203+00
2047,2,768,27.2,56,-103,-1.75,11535,t,,2026-08-27 21:46:50.347324+00
2048,1,796,24.4,62.7,-68,9.5,11955,t,,2026-08-27 21:46:54.1173+00
2049,2,769,27.2,56,-103,-1.75,11550,t,,2026-08-27 21:47:05.345829+00
2050,1,797,24.3,62.7,-67,10.5,11970,t,,2026-08-27 21:47:09.119193+00
2051,2,770,27.8,56,-103,-2,11565,t,,2026-08-27 21:47:20.344391+00
2052,1,798,24.3,62.7,-67,9.25,11985,t,,2026-08-27 21:47:24.114335+00
2053,2,771,27.8,56,-103,-1.25,11580,t,,2026-08-27 21:47:35.344672+00
2054,1,799,24.3,62.7,-66,9.5,12000,t,,2026-08-27 21:47:39.11738+00
2055,2,772,27.8,56,-102,-0.5,11595,t,,2026-08-27 21:47:50.342927+00
2056,1,800,24.3,62.7,-66,9.75,12015,t,,2026-08-27 21:47:54.114314+00
2057,2,773,27.1,56,-102,-0.75,11610,t,,2026-08-27 21:48:05.343809+00
2058,1,801,24.3,62.7,-67,9.75,12030,t,,2026-08-27 21:48:09.113935+00
2059,2,774,27.4,56,-103,-2,11625,t,,2026-08-27 21:48:20.343977+00
2060,1,802,24.3,62.8,-66,9.5,12045,t,,2026-08-27 21:48:24.113306+00
2061,2,775,27.8,56,-103,-1.75,11640,t,,2026-08-27 21:48:35.342894+00
2062,1,803,24.3,62.8,-66,10,12060,t,,2026-08-27 21:48:39.112913+00
2063,2,776,27.4,56,-103,-2,11655,t,,2026-08-27 21:48:50.341375+00
2064,1,804,24.3,62.7,-67,9.5,12075,t,,2026-08-27 21:48:54.111235+00
2065,2,777,27.9,56,-102,-0.25,11670,t,,2026-08-27 21:49:05.342056+00
2066,1,805,24.4,62.7,-67,10,12090,t,,2026-08-27 21:49:09.112859+00
2067,2,778,27.2,56,-103,-2.75,11685,t,,2026-08-27 21:49:20.343434+00
2068,1,806,24.4,62.7,-67,12.25,12105,t,,2026-08-27 21:49:24.114274+00
2069,2,779,27.2,56,-102,0,11700,t,,2026-08-27 21:49:35.340709+00
2070,1,807,24.4,62.7,-67,10,12120,t,,2026-08-27 21:49:39.112027+00
2071,2,780,27.4,56,-101,2,11715,t,,2026-08-27 21:49:50.339576+00
2072,1,808,24.4,62.8,-65,9.75,12135,t,,2026-08-27 21:49:54.111259+00
2073,2,781,27.1,56,-99,2.75,11730,t,,2026-08-27 21:50:05.338055+00
2074,1,809,24.4,62.8,-67,9.5,12150,t,,2026-08-27 21:50:09.110916+00
2075,2,782,27.4,56,-100,2.5,11745,t,,2026-08-27 21:50:20.339619+00
2076,1,810,24.4,62.9,-66,9.75,12165,t,,2026-08-27 21:50:24.109705+00
2077,2,783,27.8,56,-102,-0.25,11760,t,,2026-08-27 21:50:35.339161+00
2078,1,811,24.4,62.9,-69,10,12180,t,,2026-08-27 21:50:39.111286+00
